date,gpu,family,model,weights,kv_cache,thinking,task,setting,metric,score,stderr,engine_version,harness,source_tag,notes
2026-09-09,RTX PRO 6000 Blackwell SE 96 GB,Qwen/Qwen3-30B-A3B-Instruct-2507-FP8,Qwen/Qwen3-30B-A3B-Instruct-2507-FP8,fp8 (publisher),fp8,,gsm8k,5-shot greedy chat template max_gen_toks 768,exact_match strict,0.960,0.009,vLLM 0.28.0,lm-eval 0.4.9.1,,
2026-09-09,RTX PRO 6000 Blackwell SE 96 GB,Qwen/Qwen3-30B-A3B-Instruct-2507-FP8,Qwen/Qwen3-30B-A3B-Instruct-2507-FP8,fp8 (publisher),fp8,,gsm8k,5-shot greedy chat template max_gen_toks 768,exact_match flexible,0.962,0.009,vLLM 0.28.0,lm-eval 0.4.9.1,,
2026-09-09,RTX PRO 6000 Blackwell SE 96 GB,Qwen/Qwen3-30B-A3B-Instruct-2507,Qwen/Qwen3-30B-A3B-Instruct-2507,bf16,auto,,gsm8k,5-shot greedy chat template max_gen_toks 768,exact_match strict,0.956,0.009,vLLM 0.28.0,lm-eval 0.4.9.1,,
2026-09-09,RTX PRO 6000 Blackwell SE 96 GB,Qwen/Qwen3-30B-A3B-Instruct-2507,Qwen/Qwen3-30B-A3B-Instruct-2507,bf16,auto,,gsm8k,5-shot greedy chat template max_gen_toks 768,exact_match flexible,0.960,0.009,vLLM 0.28.0,lm-eval 0.4.9.1,,
2026-09-09,RTX PRO 6000 Blackwell SE 96 GB,Qwen/Qwen3.8-27B-FP8,Qwen/Qwen3.8-27B-FP8,fp8 (publisher),fp8,,gsm8k,5-shot greedy chat template max_gen_toks 768,exact_match strict,0.722,0.020,vLLM 0.28.0,lm-eval 0.4.9.1,,
2026-09-09,RTX PRO 6000 Blackwell SE 96 GB,Qwen/Qwen3.8-27B-FP8,Qwen/Qwen3.8-27B-FP8,fp8 (publisher),fp8,,gsm8k,5-shot greedy chat template max_gen_toks 768,exact_match flexible,0.702,0.020,vLLM 0.28.0,lm-eval 0.4.9.1,,
2026-09-09,RTX PRO 6000 Blackwell SE 96 GB,Qwen/Qwen3.8-27B,Qwen/Qwen3.8-27B,bf16,auto,,gsm8k,5-shot greedy chat template max_gen_toks 768,exact_match strict,0.718,0.020,vLLM 0.28.0,lm-eval 0.4.9.1,,
2026-09-09,RTX PRO 6000 Blackwell SE 96 GB,Qwen/Qwen3.8-27B,Qwen/Qwen3.8-27B,bf16,auto,,gsm8k,5-shot greedy chat template max_gen_toks 768,exact_match flexible,0.680,0.021,vLLM 0.28.0,lm-eval 0.4.9.1,,
2026-09-09,RTX PRO 6000 Blackwell SE 96 GB,unsloth/Qwen3.8-27B-NVFP4,unsloth/Qwen3.8-27B-NVFP4,NVFP4 (community),fp8,,gsm8k,5-shot greedy chat template max_gen_toks 768,exact_match strict,0.704,0.020,vLLM 0.28.0,lm-eval 0.4.9.1,,
2026-09-09,RTX PRO 6000 Blackwell SE 96 GB,unsloth/Qwen3.8-27B-NVFP4,unsloth/Qwen3.8-27B-NVFP4,NVFP4 (community),fp8,,gsm8k,5-shot greedy chat template max_gen_toks 768,exact_match flexible,0.662,0.021,vLLM 0.28.0,lm-eval 0.4.9.1,,
2026-09-09,RTX PRO 6000 Blackwell SE 96 GB,Qwen/Qwen3-30B-A3B-Instruct-2507-FP8,Qwen/Qwen3-30B-A3B-Instruct-2507-FP8,fp8 (publisher),fp8,,gsm8k,5-shot greedy chat template max_gen_toks 1024,exact_match strict,0.950,0.010,vLLM 0.28.0,lm-eval 0.4.9.1,,
2026-09-09,RTX PRO 6000 Blackwell SE 96 GB,Qwen/Qwen3-30B-A3B-Instruct-2507-FP8,Qwen/Qwen3-30B-A3B-Instruct-2507-FP8,fp8 (publisher),fp8,,ifeval,0-shot greedy chat template max_gen_toks 1024,prompt_level_strict_acc,0.813,0.017,vLLM 0.28.0,lm-eval 0.4.9.1,,
2026-09-09,RTX PRO 6000 Blackwell SE 96 GB,Qwen/Qwen3-30B-A3B-Instruct-2507-FP8,Qwen/Qwen3-30B-A3B-Instruct-2507-FP8,fp8 (publisher),fp8,,ifeval,0-shot greedy chat template max_gen_toks 1024,inst_level_strict_acc,0.872,0.000,vLLM 0.28.0,lm-eval 0.4.9.1,,
2026-09-09,RTX PRO 6000 Blackwell SE 96 GB,Qwen/Qwen3-30B-A3B-Instruct-2507-FP8,Qwen/Qwen3-30B-A3B-Instruct-2507-FP8,fp8 (publisher),auto,,gsm8k,5-shot greedy chat template max_gen_toks 1024,exact_match strict,0.954,0.009,vLLM 0.28.0,lm-eval 0.4.9.1,,
2026-09-09,RTX PRO 6000 Blackwell SE 96 GB,Qwen/Qwen3-30B-A3B-Instruct-2507-FP8,Qwen/Qwen3-30B-A3B-Instruct-2507-FP8,fp8 (publisher),auto,,ifeval,0-shot greedy chat template max_gen_toks 1024,prompt_level_strict_acc,0.815,0.017,vLLM 0.28.0,lm-eval 0.4.9.1,,
2026-09-09,RTX PRO 6000 Blackwell SE 96 GB,Qwen/Qwen3-30B-A3B-Instruct-2507,Qwen/Qwen3-30B-A3B-Instruct-2507,bf16,auto,,gsm8k,5-shot greedy chat template max_gen_toks 1024,exact_match strict,0.958,0.009,vLLM 0.28.0,lm-eval 0.4.9.1,,
2026-09-09,RTX PRO 6000 Blackwell SE 96 GB,Qwen/Qwen3-30B-A3B-Instruct-2507,Qwen/Qwen3-30B-A3B-Instruct-2507,bf16,auto,,ifeval,0-shot greedy chat template max_gen_toks 1024,prompt_level_strict_acc,0.802,0.017,vLLM 0.28.0,lm-eval 0.4.9.1,,
2026-09-09,RTX PRO 6000 Blackwell SE 96 GB,"nvidia/Qwen3-30B-A3B-NVFP4 (base: Qwen3-30B-A3B, thinking release)","nvidia/Qwen3-30B-A3B-NVFP4 (base: Qwen3-30B-A3B, thinking release)","NVFP4 (publisher, different base)",fp8,,gsm8k,5-shot greedy chat template max_gen_toks 1024,exact_match strict,0.686,0.021,vLLM 0.28.0,lm-eval 0.4.9.1,,
2026-09-09,RTX PRO 6000 Blackwell SE 96 GB,"nvidia/Qwen3-30B-A3B-NVFP4 (base: Qwen3-30B-A3B, thinking release)","nvidia/Qwen3-30B-A3B-NVFP4 (base: Qwen3-30B-A3B, thinking release)","NVFP4 (publisher, different base)",fp8,,ifeval,0-shot greedy chat template max_gen_toks 1024,prompt_level_strict_acc,0.336,0.020,vLLM 0.28.0,lm-eval 0.4.9.1,,
2026-09-09,RTX PRO 6000 Blackwell SE 96 GB,Qwen/Qwen3.8-27B-FP8,Qwen/Qwen3.8-27B-FP8,fp8 (publisher),fp8,,gsm8k,5-shot greedy chat template max_gen_toks 1024,exact_match strict,0.724,0.020,vLLM 0.28.0,lm-eval 0.4.9.1,,
2026-09-09,RTX PRO 6000 Blackwell SE 96 GB,Qwen/Qwen3.8-27B-FP8,Qwen/Qwen3.8-27B-FP8,fp8 (publisher),fp8,,ifeval,0-shot greedy chat template max_gen_toks 1024,prompt_level_strict_acc,0.309,0.020,vLLM 0.28.0,lm-eval 0.4.9.1,,
2026-09-09,RTX PRO 6000 Blackwell SE 96 GB,Qwen/Qwen3.8-27B,Qwen/Qwen3.8-27B,bf16,auto,,gsm8k,5-shot greedy chat template max_gen_toks 1024,exact_match strict,0.702,0.020,vLLM 0.28.0,lm-eval 0.4.9.1,,
2026-09-09,RTX PRO 6000 Blackwell SE 96 GB,Qwen/Qwen3.8-27B,Qwen/Qwen3.8-27B,bf16,auto,,ifeval,0-shot greedy chat template max_gen_toks 1024,prompt_level_strict_acc,0.322,0.020,vLLM 0.28.0,lm-eval 0.4.9.1,,
2026-09-09,RTX PRO 6000 Blackwell SE 96 GB,unsloth/Qwen3.8-27B-NVFP4,unsloth/Qwen3.8-27B-NVFP4,NVFP4 (community),fp8,,gsm8k,5-shot greedy chat template max_gen_toks 1024,exact_match strict,0.672,0.021,vLLM 0.28.0,lm-eval 0.4.9.1,,
2026-09-09,RTX PRO 6000 Blackwell SE 96 GB,unsloth/Qwen3.8-27B-NVFP4,unsloth/Qwen3.8-27B-NVFP4,NVFP4 (community),fp8,,ifeval,0-shot greedy chat template max_gen_toks 1024,prompt_level_strict_acc,0.305,0.020,vLLM 0.28.0,lm-eval 0.4.9.1,,
2026-09-09,RTX PRO 6000 Blackwell SE 96 GB,Qwen/Qwen3-8B-FP8,Qwen/Qwen3-8B-FP8,fp8 (publisher),fp8,,gsm8k,5-shot greedy chat template max_gen_toks 1024,exact_match strict,0.706,0.020,vLLM 0.28.0,lm-eval 0.4.9.1,,
2026-09-09,RTX PRO 6000 Blackwell SE 96 GB,Qwen/Qwen3-8B-FP8,Qwen/Qwen3-8B-FP8,fp8 (publisher),fp8,,ifeval,0-shot greedy chat template max_gen_toks 1024,prompt_level_strict_acc,0.333,0.020,vLLM 0.28.0,lm-eval 0.4.9.1,,
2026-09-09,RTX PRO 6000 Blackwell SE 96 GB,nvidia/Qwen3-30B-A3B-NVFP4 (thinking off; base Qwen3-30B-A3B),nvidia/Qwen3-30B-A3B-NVFP4 (thinking off; base Qwen3-30B-A3B),NVFP4 (publisher),fp8,,gsm8k,5-shot greedy chat template max_gen_toks 1024,exact_match strict,0.912,0.013,vLLM 0.28.0,lm-eval 0.4.9.1,,
2026-09-09,RTX PRO 6000 Blackwell SE 96 GB,nvidia/Qwen3-30B-A3B-NVFP4 (thinking off; base Qwen3-30B-A3B),nvidia/Qwen3-30B-A3B-NVFP4 (thinking off; base Qwen3-30B-A3B),NVFP4 (publisher),fp8,,ifeval,0-shot greedy chat template max_gen_toks 1024,prompt_level_strict_acc,0.836,0.016,vLLM 0.28.0,lm-eval 0.4.9.1,,
2026-09-09,RTX PRO 6000 Blackwell SE 96 GB,Qwen/Qwen3-30B-A3B (thinking off),Qwen/Qwen3-30B-A3B (thinking off),bf16,auto,,gsm8k,5-shot greedy chat template max_gen_toks 1024,exact_match strict,0.908,0.013,vLLM 0.28.0,lm-eval 0.4.9.1,,
2026-09-09,RTX PRO 6000 Blackwell SE 96 GB,Qwen/Qwen3-30B-A3B (thinking off),Qwen/Qwen3-30B-A3B (thinking off),bf16,auto,,ifeval,0-shot greedy chat template max_gen_toks 1024,prompt_level_strict_acc,0.832,0.016,vLLM 0.28.0,lm-eval 0.4.9.1,,
2026-09-09,RTX PRO 6000 Blackwell SE 96 GB,Qwen/Qwen3-32B-FP8,Qwen/Qwen3-32B-FP8,fp8 (publisher),fp8,,gsm8k,5-shot greedy chat template max_gen_toks 1024,exact_match strict,0.896,0.014,vLLM 0.28.0,lm-eval 0.4.9.1,,
2026-09-09,RTX PRO 6000 Blackwell SE 96 GB,Qwen/Qwen3-32B-FP8,Qwen/Qwen3-32B-FP8,fp8 (publisher),fp8,,ifeval,0-shot greedy chat template max_gen_toks 1024,prompt_level_strict_acc,0.314,0.020,vLLM 0.28.0,lm-eval 0.4.9.1,,
2026-09-10,RTX PRO 6000 Blackwell SE 96 GB,Qwen3-30B-A3B-Instruct-2507,Qwen/Qwen3-30B-A3B-Instruct-2507-FP8,fp8 (publisher),fp8,n/a,arc_challenge,"25-shot, n=500",acc_norm,0.722,0.0201,vLLM 0.28.0,lm-eval 0.4.13,q-30b-2507-fp8,
2026-09-10,RTX PRO 6000 Blackwell SE 96 GB,Qwen3-30B-A3B-Instruct-2507,Qwen/Qwen3-30B-A3B-Instruct-2507-FP8,fp8 (publisher),fp8,n/a,gsm8k,"5-shot greedy chat template, n=500",exact_match,0.934,0.0111,vLLM 0.28.0,lm-eval 0.4.13,q-30b-2507-fp8,
2026-09-10,RTX PRO 6000 Blackwell SE 96 GB,Qwen3-30B-A3B-Instruct-2507,Qwen/Qwen3-30B-A3B-Instruct-2507-FP8,fp8 (publisher),fp8,n/a,gsm8k_flexible,"5-shot greedy chat template, n=500, flexible answer extraction",exact_match,0.96,0.0088,vLLM 0.28.0,lm-eval 0.4.13,q-30b-2507-fp8,
2026-09-10,RTX PRO 6000 Blackwell SE 96 GB,Qwen3-30B-A3B-Instruct-2507,Qwen/Qwen3-30B-A3B-Instruct-2507-FP8,fp8 (publisher),fp8,n/a,hellaswag,"10-shot, n=500",acc_norm,0.702,0.0205,vLLM 0.28.0,lm-eval 0.4.13,q-30b-2507-fp8,
2026-09-10,RTX PRO 6000 Blackwell SE 96 GB,Qwen3-30B-A3B-Instruct-2507,Qwen/Qwen3-30B-A3B-Instruct-2507-FP8,fp8 (publisher),fp8,n/a,ifeval,"0-shot greedy chat template, n=541",prompt_level_strict_acc,0.817,0.0166,vLLM 0.28.0,lm-eval 0.4.13,q-30b-2507-fp8,
2026-09-10,RTX PRO 6000 Blackwell SE 96 GB,Qwen3-30B-A3B-Instruct-2507,Qwen/Qwen3-30B-A3B-Instruct-2507-FP8,fp8 (publisher),fp8,n/a,mmlu,"5-shot, 50 per subject",acc,0.8288,0.0068,vLLM 0.28.0,lm-eval 0.4.13,q-30b-2507-fp8,
2026-09-10,RTX PRO 6000 Blackwell SE 96 GB,Qwen3-30B-A3B-Instruct-2507,Qwen/Qwen3-30B-A3B-Instruct-2507-FP8,fp8 (publisher),fp8,n/a,truthfulqa_mc2,"0-shot, n=500",acc,0.6091,0.0199,vLLM 0.28.0,lm-eval 0.4.13,q-30b-2507-fp8,
2026-09-10,RTX PRO 6000 Blackwell SE 96 GB,Qwen3-30B-A3B-Instruct-2507,Qwen/Qwen3-30B-A3B-Instruct-2507-FP8,fp8 (publisher),fp8,n/a,wikitext,"60 documents, word perplexity",word_perplexity,8.9197,0.0,vLLM 0.28.0,lm-eval 0.4.13,q-30b-2507-fp8,
2026-09-10,RTX PRO 6000 Blackwell SE 96 GB,Qwen3-30B-A3B-Instruct-2507,Qwen/Qwen3-30B-A3B-Instruct-2507-FP8,fp8 (publisher),fp8,n/a,winogrande,"5-shot, n=500",acc,0.75,0.0194,vLLM 0.28.0,lm-eval 0.4.13,q-30b-2507-fp8,
2026-09-10,RTX PRO 6000 Blackwell SE 96 GB,Qwen3-30B-A3B-Instruct-2507,Qwen/Qwen3-30B-A3B-Instruct-2507,bf16,auto,n/a,arc_challenge,"25-shot, n=500",acc_norm,0.728,0.0199,vLLM 0.28.0,lm-eval 0.4.13,q-30b-2507-bf16,
2026-09-10,RTX PRO 6000 Blackwell SE 96 GB,Qwen3-30B-A3B-Instruct-2507,Qwen/Qwen3-30B-A3B-Instruct-2507,bf16,auto,n/a,gsm8k,"5-shot greedy chat template, n=500",exact_match,0.936,0.011,vLLM 0.28.0,lm-eval 0.4.13,q-30b-2507-bf16,
2026-09-10,RTX PRO 6000 Blackwell SE 96 GB,Qwen3-30B-A3B-Instruct-2507,Qwen/Qwen3-30B-A3B-Instruct-2507,bf16,auto,n/a,gsm8k_flexible,"5-shot greedy chat template, n=500, flexible answer extraction",exact_match,0.96,0.0088,vLLM 0.28.0,lm-eval 0.4.13,q-30b-2507-bf16,
2026-09-10,RTX PRO 6000 Blackwell SE 96 GB,Qwen3-30B-A3B-Instruct-2507,Qwen/Qwen3-30B-A3B-Instruct-2507,bf16,auto,n/a,hellaswag,"10-shot, n=500",acc_norm,0.702,0.0205,vLLM 0.28.0,lm-eval 0.4.13,q-30b-2507-bf16,
2026-09-10,RTX PRO 6000 Blackwell SE 96 GB,Qwen3-30B-A3B-Instruct-2507,Qwen/Qwen3-30B-A3B-Instruct-2507,bf16,auto,n/a,ifeval,"0-shot greedy chat template, n=541",prompt_level_strict_acc,0.817,0.0166,vLLM 0.28.0,lm-eval 0.4.13,q-30b-2507-bf16,
2026-09-10,RTX PRO 6000 Blackwell SE 96 GB,Qwen3-30B-A3B-Instruct-2507,Qwen/Qwen3-30B-A3B-Instruct-2507,bf16,auto,n/a,mmlu,"5-shot, 50 per subject",acc,0.8344,0.0067,vLLM 0.28.0,lm-eval 0.4.13,q-30b-2507-bf16,
2026-09-10,RTX PRO 6000 Blackwell SE 96 GB,Qwen3-30B-A3B-Instruct-2507,Qwen/Qwen3-30B-A3B-Instruct-2507,bf16,auto,n/a,truthfulqa_mc2,"0-shot, n=500",acc,0.6177,0.0199,vLLM 0.28.0,lm-eval 0.4.13,q-30b-2507-bf16,
2026-09-10,RTX PRO 6000 Blackwell SE 96 GB,Qwen3-30B-A3B-Instruct-2507,Qwen/Qwen3-30B-A3B-Instruct-2507,bf16,auto,n/a,wikitext,"60 documents, word perplexity",word_perplexity,8.863,0.0,vLLM 0.28.0,lm-eval 0.4.13,q-30b-2507-bf16,
2026-09-10,RTX PRO 6000 Blackwell SE 96 GB,Qwen3-30B-A3B-Instruct-2507,Qwen/Qwen3-30B-A3B-Instruct-2507,bf16,auto,n/a,winogrande,"5-shot, n=500",acc,0.75,0.0194,vLLM 0.28.0,lm-eval 0.4.13,q-30b-2507-bf16,
2026-09-10,RTX PRO 6000 Blackwell SE 96 GB,Qwen3-30B-A3B-Instruct-2507,Qwen/Qwen3-30B-A3B-Instruct-2507,"fp8 (load-time, quantization: fp8)",fp8,n/a,arc_challenge,"25-shot, n=500",acc_norm,0.718,0.0201,vLLM 0.28.0,lm-eval 0.4.13,q-30b-2507-fp8dyn,
2026-09-10,RTX PRO 6000 Blackwell SE 96 GB,Qwen3-30B-A3B-Instruct-2507,Qwen/Qwen3-30B-A3B-Instruct-2507,"fp8 (load-time, quantization: fp8)",fp8,n/a,gsm8k,"5-shot greedy chat template, n=500",exact_match,0.93,0.0114,vLLM 0.28.0,lm-eval 0.4.13,q-30b-2507-fp8dyn,
2026-09-10,RTX PRO 6000 Blackwell SE 96 GB,Qwen3-30B-A3B-Instruct-2507,Qwen/Qwen3-30B-A3B-Instruct-2507,"fp8 (load-time, quantization: fp8)",fp8,n/a,gsm8k_flexible,"5-shot greedy chat template, n=500, flexible answer extraction",exact_match,0.956,0.0092,vLLM 0.28.0,lm-eval 0.4.13,q-30b-2507-fp8dyn,
2026-09-10,RTX PRO 6000 Blackwell SE 96 GB,Qwen3-30B-A3B-Instruct-2507,Qwen/Qwen3-30B-A3B-Instruct-2507,"fp8 (load-time, quantization: fp8)",fp8,n/a,hellaswag,"10-shot, n=500",acc_norm,0.694,0.0206,vLLM 0.28.0,lm-eval 0.4.13,q-30b-2507-fp8dyn,
2026-09-10,RTX PRO 6000 Blackwell SE 96 GB,Qwen3-30B-A3B-Instruct-2507,Qwen/Qwen3-30B-A3B-Instruct-2507,"fp8 (load-time, quantization: fp8)",fp8,n/a,humaneval,"0-shot completion, 4 stop strings, n=164",pass@1,0.7927,0.0318,vLLM 0.28.0,lm-eval 0.4.13,q-30b-2507-fp8dyn,
2026-09-10,RTX PRO 6000 Blackwell SE 96 GB,Qwen3-30B-A3B-Instruct-2507,Qwen/Qwen3-30B-A3B-Instruct-2507,"fp8 (load-time, quantization: fp8)",fp8,n/a,ifeval,"0-shot greedy chat template, n=541",prompt_level_strict_acc,0.8262,0.0163,vLLM 0.28.0,lm-eval 0.4.13,q-30b-2507-fp8dyn,
2026-09-10,RTX PRO 6000 Blackwell SE 96 GB,Qwen3-30B-A3B-Instruct-2507,Qwen/Qwen3-30B-A3B-Instruct-2507,"fp8 (load-time, quantization: fp8)",fp8,n/a,mmlu,"5-shot, 50 per subject",acc,0.8263,0.0068,vLLM 0.28.0,lm-eval 0.4.13,q-30b-2507-fp8dyn,
2026-09-10,RTX PRO 6000 Blackwell SE 96 GB,Qwen3-30B-A3B-Instruct-2507,Qwen/Qwen3-30B-A3B-Instruct-2507,"fp8 (load-time, quantization: fp8)",fp8,n/a,truthfulqa_mc2,"0-shot, n=500",acc,0.6117,0.0199,vLLM 0.28.0,lm-eval 0.4.13,q-30b-2507-fp8dyn,
2026-09-10,RTX PRO 6000 Blackwell SE 96 GB,Qwen3-30B-A3B-Instruct-2507,Qwen/Qwen3-30B-A3B-Instruct-2507,"fp8 (load-time, quantization: fp8)",fp8,n/a,wikitext,"60 documents, word perplexity",word_perplexity,8.9137,0.0,vLLM 0.28.0,lm-eval 0.4.13,q-30b-2507-fp8dyn,
2026-09-10,RTX PRO 6000 Blackwell SE 96 GB,Qwen3-30B-A3B-Instruct-2507,Qwen/Qwen3-30B-A3B-Instruct-2507,"fp8 (load-time, quantization: fp8)",fp8,n/a,winogrande,"5-shot, n=500",acc,0.756,0.0192,vLLM 0.28.0,lm-eval 0.4.13,q-30b-2507-fp8dyn,
2026-09-10,RTX PRO 6000 Blackwell SE 96 GB,Qwen3-30B-A3B,Qwen/Qwen3-30B-A3B,bf16,auto,off,arc_challenge,"25-shot, n=500",acc_norm,0.688,0.0207,vLLM 0.28.0,lm-eval 0.4.13,q-30b-apr-bf16,
2026-09-10,RTX PRO 6000 Blackwell SE 96 GB,Qwen3-30B-A3B,Qwen/Qwen3-30B-A3B,bf16,auto,off,gsm8k,"5-shot greedy chat template, n=500",exact_match,0.926,0.0117,vLLM 0.28.0,lm-eval 0.4.13,q-30b-apr-bf16,
2026-09-10,RTX PRO 6000 Blackwell SE 96 GB,Qwen3-30B-A3B,Qwen/Qwen3-30B-A3B,bf16,auto,off,gsm8k_flexible,"5-shot greedy chat template, n=500, flexible answer extraction",exact_match,0.93,0.0114,vLLM 0.28.0,lm-eval 0.4.13,q-30b-apr-bf16,
2026-09-10,RTX PRO 6000 Blackwell SE 96 GB,Qwen3-30B-A3B,Qwen/Qwen3-30B-A3B,bf16,auto,off,hellaswag,"10-shot, n=500",acc_norm,0.672,0.021,vLLM 0.28.0,lm-eval 0.4.13,q-30b-apr-bf16,
2026-09-10,RTX PRO 6000 Blackwell SE 96 GB,Qwen3-30B-A3B,Qwen/Qwen3-30B-A3B,bf16,auto,off,humaneval,"0-shot completion, 4 stop strings, n=164",pass@1,0.2988,0.0359,vLLM 0.28.0,lm-eval 0.4.13,q-30b-apr-bf16,
2026-09-10,RTX PRO 6000 Blackwell SE 96 GB,Qwen3-30B-A3B,Qwen/Qwen3-30B-A3B,bf16,auto,off,ifeval,"0-shot greedy chat template, n=541",prompt_level_strict_acc,0.8355,0.016,vLLM 0.28.0,lm-eval 0.4.13,q-30b-apr-bf16,
2026-09-10,RTX PRO 6000 Blackwell SE 96 GB,Qwen3-30B-A3B,Qwen/Qwen3-30B-A3B,bf16,auto,off,mmlu,"5-shot, 50 per subject",acc,0.8098,0.0071,vLLM 0.28.0,lm-eval 0.4.13,q-30b-apr-bf16,
2026-09-10,RTX PRO 6000 Blackwell SE 96 GB,Qwen3-30B-A3B,Qwen/Qwen3-30B-A3B,bf16,auto,off,truthfulqa_mc2,"0-shot, n=500",acc,0.527,0.0203,vLLM 0.28.0,lm-eval 0.4.13,q-30b-apr-bf16,
2026-09-10,RTX PRO 6000 Blackwell SE 96 GB,Qwen3-30B-A3B,Qwen/Qwen3-30B-A3B,bf16,auto,off,wikitext,"60 documents, word perplexity",word_perplexity,10.8887,0.0,vLLM 0.28.0,lm-eval 0.4.13,q-30b-apr-bf16,
2026-09-10,RTX PRO 6000 Blackwell SE 96 GB,Qwen3-30B-A3B,Qwen/Qwen3-30B-A3B,bf16,auto,off,winogrande,"5-shot, n=500",acc,0.708,0.0204,vLLM 0.28.0,lm-eval 0.4.13,q-30b-apr-bf16,
2026-09-10,RTX PRO 6000 Blackwell SE 96 GB,Qwen3-30B-A3B,Qwen/Qwen3-30B-A3B-FP8,fp8 (publisher),fp8,off,arc_challenge,"25-shot, n=500",acc_norm,0.69,0.0207,vLLM 0.28.0,lm-eval 0.4.13,q-30b-apr-fp8,
2026-09-10,RTX PRO 6000 Blackwell SE 96 GB,Qwen3-30B-A3B,Qwen/Qwen3-30B-A3B-FP8,fp8 (publisher),fp8,off,gsm8k,"5-shot greedy chat template, n=500",exact_match,0.918,0.0123,vLLM 0.28.0,lm-eval 0.4.13,q-30b-apr-fp8,
2026-09-10,RTX PRO 6000 Blackwell SE 96 GB,Qwen3-30B-A3B,Qwen/Qwen3-30B-A3B-FP8,fp8 (publisher),fp8,off,gsm8k_flexible,"5-shot greedy chat template, n=500, flexible answer extraction",exact_match,0.926,0.0117,vLLM 0.28.0,lm-eval 0.4.13,q-30b-apr-fp8,
2026-09-10,RTX PRO 6000 Blackwell SE 96 GB,Qwen3-30B-A3B,Qwen/Qwen3-30B-A3B-FP8,fp8 (publisher),fp8,off,hellaswag,"10-shot, n=500",acc_norm,0.68,0.0209,vLLM 0.28.0,lm-eval 0.4.13,q-30b-apr-fp8,
2026-09-10,RTX PRO 6000 Blackwell SE 96 GB,Qwen3-30B-A3B,Qwen/Qwen3-30B-A3B-FP8,fp8 (publisher),fp8,off,humaneval,"0-shot completion, 4 stop strings, n=164",pass@1,0.372,0.0379,vLLM 0.28.0,lm-eval 0.4.13,q-30b-apr-fp8,
2026-09-10,RTX PRO 6000 Blackwell SE 96 GB,Qwen3-30B-A3B,Qwen/Qwen3-30B-A3B-FP8,fp8 (publisher),fp8,off,ifeval,"0-shot greedy chat template, n=541",prompt_level_strict_acc,0.8318,0.0161,vLLM 0.28.0,lm-eval 0.4.13,q-30b-apr-fp8,
2026-09-10,RTX PRO 6000 Blackwell SE 96 GB,Qwen3-30B-A3B,Qwen/Qwen3-30B-A3B-FP8,fp8 (publisher),fp8,off,mmlu,"5-shot, 50 per subject",acc,0.8046,0.0071,vLLM 0.28.0,lm-eval 0.4.13,q-30b-apr-fp8,
2026-09-10,RTX PRO 6000 Blackwell SE 96 GB,Qwen3-30B-A3B,Qwen/Qwen3-30B-A3B-FP8,fp8 (publisher),fp8,off,truthfulqa_mc2,"0-shot, n=500",acc,0.5453,0.0202,vLLM 0.28.0,lm-eval 0.4.13,q-30b-apr-fp8,
2026-09-10,RTX PRO 6000 Blackwell SE 96 GB,Qwen3-30B-A3B,Qwen/Qwen3-30B-A3B-FP8,fp8 (publisher),fp8,off,wikitext,"60 documents, word perplexity",word_perplexity,10.9095,0.0,vLLM 0.28.0,lm-eval 0.4.13,q-30b-apr-fp8,
2026-09-10,RTX PRO 6000 Blackwell SE 96 GB,Qwen3-30B-A3B,Qwen/Qwen3-30B-A3B-FP8,fp8 (publisher),fp8,off,winogrande,"5-shot, n=500",acc,0.712,0.0203,vLLM 0.28.0,lm-eval 0.4.13,q-30b-apr-fp8,
2026-09-10,RTX PRO 6000 Blackwell SE 96 GB,Qwen3-30B-A3B,nvidia/Qwen3-30B-A3B-NVFP4,"NVFP4 (NVIDIA, calibrated)",fp8,off,arc_challenge,"25-shot, n=500",acc_norm,0.676,0.021,vLLM 0.28.0,lm-eval 0.4.13,q-30b-apr-nvfp4,
2026-09-10,RTX PRO 6000 Blackwell SE 96 GB,Qwen3-30B-A3B,nvidia/Qwen3-30B-A3B-NVFP4,"NVFP4 (NVIDIA, calibrated)",fp8,off,gsm8k,"5-shot greedy chat template, n=500",exact_match,0.914,0.0126,vLLM 0.28.0,lm-eval 0.4.13,q-30b-apr-nvfp4,
2026-09-10,RTX PRO 6000 Blackwell SE 96 GB,Qwen3-30B-A3B,nvidia/Qwen3-30B-A3B-NVFP4,"NVFP4 (NVIDIA, calibrated)",fp8,off,gsm8k_flexible,"5-shot greedy chat template, n=500, flexible answer extraction",exact_match,0.918,0.0123,vLLM 0.28.0,lm-eval 0.4.13,q-30b-apr-nvfp4,
2026-09-10,RTX PRO 6000 Blackwell SE 96 GB,Qwen3-30B-A3B,nvidia/Qwen3-30B-A3B-NVFP4,"NVFP4 (NVIDIA, calibrated)",fp8,off,hellaswag,"10-shot, n=500",acc_norm,0.678,0.0209,vLLM 0.28.0,lm-eval 0.4.13,q-30b-apr-nvfp4,
2026-09-10,RTX PRO 6000 Blackwell SE 96 GB,Qwen3-30B-A3B,nvidia/Qwen3-30B-A3B-NVFP4,"NVFP4 (NVIDIA, calibrated)",fp8,off,humaneval,"0-shot completion, 4 stop strings, n=164",pass@1,0.3598,0.0376,vLLM 0.28.0,lm-eval 0.4.13,q-30b-apr-nvfp4,
2026-09-10,RTX PRO 6000 Blackwell SE 96 GB,Qwen3-30B-A3B,nvidia/Qwen3-30B-A3B-NVFP4,"NVFP4 (NVIDIA, calibrated)",fp8,off,ifeval,"0-shot greedy chat template, n=541",prompt_level_strict_acc,0.8226,0.0164,vLLM 0.28.0,lm-eval 0.4.13,q-30b-apr-nvfp4,
2026-09-10,RTX PRO 6000 Blackwell SE 96 GB,Qwen3-30B-A3B,nvidia/Qwen3-30B-A3B-NVFP4,"NVFP4 (NVIDIA, calibrated)",fp8,off,mmlu,"5-shot, 50 per subject",acc,0.8035,0.0071,vLLM 0.28.0,lm-eval 0.4.13,q-30b-apr-nvfp4,
2026-09-10,RTX PRO 6000 Blackwell SE 96 GB,Qwen3-30B-A3B,nvidia/Qwen3-30B-A3B-NVFP4,"NVFP4 (NVIDIA, calibrated)",fp8,off,truthfulqa_mc2,"0-shot, n=500",acc,0.5063,0.0201,vLLM 0.28.0,lm-eval 0.4.13,q-30b-apr-nvfp4,
2026-09-10,RTX PRO 6000 Blackwell SE 96 GB,Qwen3-30B-A3B,nvidia/Qwen3-30B-A3B-NVFP4,"NVFP4 (NVIDIA, calibrated)",fp8,off,wikitext,"60 documents, word perplexity",word_perplexity,11.2629,0.0,vLLM 0.28.0,lm-eval 0.4.13,q-30b-apr-nvfp4,
2026-09-10,RTX PRO 6000 Blackwell SE 96 GB,Qwen3-30B-A3B,nvidia/Qwen3-30B-A3B-NVFP4,"NVFP4 (NVIDIA, calibrated)",fp8,off,winogrande,"5-shot, n=500",acc,0.712,0.0203,vLLM 0.28.0,lm-eval 0.4.13,q-30b-apr-nvfp4,
2026-09-10,RTX PRO 6000 Blackwell SE 96 GB,Qwen3-30B-A3B,Qwen/Qwen3-30B-A3B-GPTQ-Int4,GPTQ Int4 (publisher),fp8,off,arc_challenge,"25-shot, n=500",acc_norm,0.668,0.0211,vLLM 0.28.0,lm-eval 0.4.13,q-30b-apr-gptq4,
2026-09-10,RTX PRO 6000 Blackwell SE 96 GB,Qwen3-30B-A3B,Qwen/Qwen3-30B-A3B-GPTQ-Int4,GPTQ Int4 (publisher),fp8,off,gsm8k,"5-shot greedy chat template, n=500",exact_match,0.908,0.0129,vLLM 0.28.0,lm-eval 0.4.13,q-30b-apr-gptq4,
2026-09-10,RTX PRO 6000 Blackwell SE 96 GB,Qwen3-30B-A3B,Qwen/Qwen3-30B-A3B-GPTQ-Int4,GPTQ Int4 (publisher),fp8,off,gsm8k_flexible,"5-shot greedy chat template, n=500, flexible answer extraction",exact_match,0.92,0.0121,vLLM 0.28.0,lm-eval 0.4.13,q-30b-apr-gptq4,
2026-09-10,RTX PRO 6000 Blackwell SE 96 GB,Qwen3-30B-A3B,Qwen/Qwen3-30B-A3B-GPTQ-Int4,GPTQ Int4 (publisher),fp8,off,hellaswag,"10-shot, n=500",acc_norm,0.678,0.0209,vLLM 0.28.0,lm-eval 0.4.13,q-30b-apr-gptq4,
2026-09-10,RTX PRO 6000 Blackwell SE 96 GB,Qwen3-30B-A3B,Qwen/Qwen3-30B-A3B-GPTQ-Int4,GPTQ Int4 (publisher),fp8,off,humaneval,"0-shot completion, 4 stop strings, n=164",pass@1,0.4146,0.0386,vLLM 0.28.0,lm-eval 0.4.13,q-30b-apr-gptq4,
2026-09-10,RTX PRO 6000 Blackwell SE 96 GB,Qwen3-30B-A3B,Qwen/Qwen3-30B-A3B-GPTQ-Int4,GPTQ Int4 (publisher),fp8,off,ifeval,"0-shot greedy chat template, n=541",prompt_level_strict_acc,0.8226,0.0164,vLLM 0.28.0,lm-eval 0.4.13,q-30b-apr-gptq4,
2026-09-10,RTX PRO 6000 Blackwell SE 96 GB,Qwen3-30B-A3B,Qwen/Qwen3-30B-A3B-GPTQ-Int4,GPTQ Int4 (publisher),fp8,off,mmlu,"5-shot, 50 per subject",acc,0.8021,0.0071,vLLM 0.28.0,lm-eval 0.4.13,q-30b-apr-gptq4,
2026-09-10,RTX PRO 6000 Blackwell SE 96 GB,Qwen3-30B-A3B,Qwen/Qwen3-30B-A3B-GPTQ-Int4,GPTQ Int4 (publisher),fp8,off,truthfulqa_mc2,"0-shot, n=500",acc,0.5321,0.0198,vLLM 0.28.0,lm-eval 0.4.13,q-30b-apr-gptq4,
2026-09-10,RTX PRO 6000 Blackwell SE 96 GB,Qwen3-30B-A3B,Qwen/Qwen3-30B-A3B-GPTQ-Int4,GPTQ Int4 (publisher),fp8,off,wikitext,"60 documents, word perplexity",word_perplexity,11.2835,0.0,vLLM 0.28.0,lm-eval 0.4.13,q-30b-apr-gptq4,
2026-09-10,RTX PRO 6000 Blackwell SE 96 GB,Qwen3-30B-A3B,Qwen/Qwen3-30B-A3B-GPTQ-Int4,GPTQ Int4 (publisher),fp8,off,winogrande,"5-shot, n=500",acc,0.71,0.0203,vLLM 0.28.0,lm-eval 0.4.13,q-30b-apr-gptq4,
2026-09-10,RTX PRO 6000 Blackwell SE 96 GB,Qwen3-30B-A3B,Qwen/Qwen3-30B-A3B-FP8,fp8 (publisher),auto,off,arc_challenge,"25-shot, n=500",acc_norm,0.688,0.0207,vLLM 0.28.0,lm-eval 0.4.13,q-30b-apr-fp8-kvauto,KV precision variant
2026-09-10,RTX PRO 6000 Blackwell SE 96 GB,Qwen3-30B-A3B,Qwen/Qwen3-30B-A3B-FP8,fp8 (publisher),auto,off,gsm8k,"5-shot greedy chat template, n=500",exact_match,0.924,0.0119,vLLM 0.28.0,lm-eval 0.4.13,q-30b-apr-fp8-kvauto,KV precision variant
2026-09-10,RTX PRO 6000 Blackwell SE 96 GB,Qwen3-30B-A3B,Qwen/Qwen3-30B-A3B-FP8,fp8 (publisher),auto,off,gsm8k_flexible,"5-shot greedy chat template, n=500, flexible answer extraction",exact_match,0.93,0.0114,vLLM 0.28.0,lm-eval 0.4.13,q-30b-apr-fp8-kvauto,KV precision variant
2026-09-10,RTX PRO 6000 Blackwell SE 96 GB,Qwen3-30B-A3B,Qwen/Qwen3-30B-A3B-FP8,fp8 (publisher),auto,off,hellaswag,"10-shot, n=500",acc_norm,0.676,0.021,vLLM 0.28.0,lm-eval 0.4.13,q-30b-apr-fp8-kvauto,KV precision variant
2026-09-10,RTX PRO 6000 Blackwell SE 96 GB,Qwen3-30B-A3B,Qwen/Qwen3-30B-A3B-FP8,fp8 (publisher),auto,off,humaneval,"0-shot completion, 4 stop strings, n=164",pass@1,0.3293,0.0368,vLLM 0.28.0,lm-eval 0.4.13,q-30b-apr-fp8-kvauto,KV precision variant
2026-09-10,RTX PRO 6000 Blackwell SE 96 GB,Qwen3-30B-A3B,Qwen/Qwen3-30B-A3B-FP8,fp8 (publisher),auto,off,ifeval,"0-shot greedy chat template, n=541",prompt_level_strict_acc,0.8299,0.0162,vLLM 0.28.0,lm-eval 0.4.13,q-30b-apr-fp8-kvauto,KV precision variant
2026-09-10,RTX PRO 6000 Blackwell SE 96 GB,Qwen3-30B-A3B,Qwen/Qwen3-30B-A3B-FP8,fp8 (publisher),auto,off,mmlu,"5-shot, 50 per subject",acc,0.8102,0.0071,vLLM 0.28.0,lm-eval 0.4.13,q-30b-apr-fp8-kvauto,KV precision variant
2026-09-10,RTX PRO 6000 Blackwell SE 96 GB,Qwen3-30B-A3B,Qwen/Qwen3-30B-A3B-FP8,fp8 (publisher),auto,off,truthfulqa_mc2,"0-shot, n=500",acc,0.546,0.0203,vLLM 0.28.0,lm-eval 0.4.13,q-30b-apr-fp8-kvauto,KV precision variant
2026-09-10,RTX PRO 6000 Blackwell SE 96 GB,Qwen3-30B-A3B,Qwen/Qwen3-30B-A3B-FP8,fp8 (publisher),auto,off,wikitext,"60 documents, word perplexity",word_perplexity,10.916,0.0,vLLM 0.28.0,lm-eval 0.4.13,q-30b-apr-fp8-kvauto,KV precision variant
2026-09-10,RTX PRO 6000 Blackwell SE 96 GB,Qwen3-30B-A3B,Qwen/Qwen3-30B-A3B-FP8,fp8 (publisher),auto,off,winogrande,"5-shot, n=500",acc,0.702,0.0205,vLLM 0.28.0,lm-eval 0.4.13,q-30b-apr-fp8-kvauto,KV precision variant
2026-09-10,RTX PRO 6000 Blackwell SE 96 GB,Qwen3.8-27B,Qwen/Qwen3.8-27B,bf16,auto,off,arc_challenge,"25-shot, n=500",acc_norm,0.728,0.0199,vLLM 0.28.0,lm-eval 0.4.13,q-27b-bf16,
2026-09-10,RTX PRO 6000 Blackwell SE 96 GB,Qwen3.8-27B,Qwen/Qwen3.8-27B,bf16,auto,off,gsm8k,"5-shot greedy chat template, n=500",exact_match,0.974,0.0071,vLLM 0.28.0,lm-eval 0.4.13,q-27b-bf16,
2026-09-10,RTX PRO 6000 Blackwell SE 96 GB,Qwen3.8-27B,Qwen/Qwen3.8-27B,bf16,auto,off,gsm8k_flexible,"5-shot greedy chat template, n=500, flexible answer extraction",exact_match,0.974,0.0071,vLLM 0.28.0,lm-eval 0.4.13,q-27b-bf16,
2026-09-10,RTX PRO 6000 Blackwell SE 96 GB,Qwen3.8-27B,Qwen/Qwen3.8-27B,bf16,auto,off,hellaswag,"10-shot, n=500",acc_norm,0.664,0.0211,vLLM 0.28.0,lm-eval 0.4.13,q-27b-bf16,
2026-09-10,RTX PRO 6000 Blackwell SE 96 GB,Qwen3.8-27B,Qwen/Qwen3.8-27B,bf16,auto,off,humaneval,"0-shot completion, 4 stop strings, n=164",pass@1,0.7866,0.0321,vLLM 0.28.0,lm-eval 0.4.13,q-27b-bf16,
2026-09-10,RTX PRO 6000 Blackwell SE 96 GB,Qwen3.8-27B,Qwen/Qwen3.8-27B,bf16,auto,off,ifeval,"0-shot greedy chat template, n=541",prompt_level_strict_acc,0.8041,0.0171,vLLM 0.28.0,lm-eval 0.4.13,q-27b-bf16,
2026-09-10,RTX PRO 6000 Blackwell SE 96 GB,Qwen3.8-27B,Qwen/Qwen3.8-27B,bf16,auto,off,mmlu,"5-shot, 50 per subject",acc,0.8337,0.0067,vLLM 0.28.0,lm-eval 0.4.13,q-27b-bf16,
2026-09-10,RTX PRO 6000 Blackwell SE 96 GB,Qwen3.8-27B,Qwen/Qwen3.8-27B,bf16,auto,off,truthfulqa_mc2,"0-shot, n=500",acc,0.5235,0.0191,vLLM 0.28.0,lm-eval 0.4.13,q-27b-bf16,
2026-09-10,RTX PRO 6000 Blackwell SE 96 GB,Qwen3.8-27B,Qwen/Qwen3.8-27B,bf16,auto,off,wikitext,"60 documents, word perplexity",word_perplexity,8.4808,0.0,vLLM 0.28.0,lm-eval 0.4.13,q-27b-bf16,
2026-09-10,RTX PRO 6000 Blackwell SE 96 GB,Qwen3.8-27B,Qwen/Qwen3.8-27B,bf16,auto,off,winogrande,"5-shot, n=500",acc,0.792,0.0182,vLLM 0.28.0,lm-eval 0.4.13,q-27b-bf16,
2026-09-10,RTX PRO 6000 Blackwell SE 96 GB,Qwen3.8-27B,Qwen/Qwen3.8-27B-FP8,fp8 (publisher),fp8,off,arc_challenge,"25-shot, n=500",acc_norm,0.728,0.0199,vLLM 0.28.0,lm-eval 0.4.13,q-27b-fp8,
2026-09-10,RTX PRO 6000 Blackwell SE 96 GB,Qwen3.8-27B,Qwen/Qwen3.8-27B-FP8,fp8 (publisher),fp8,off,gsm8k,"5-shot greedy chat template, n=500",exact_match,0.968,0.0079,vLLM 0.28.0,lm-eval 0.4.13,q-27b-fp8,
2026-09-10,RTX PRO 6000 Blackwell SE 96 GB,Qwen3.8-27B,Qwen/Qwen3.8-27B-FP8,fp8 (publisher),fp8,off,gsm8k_flexible,"5-shot greedy chat template, n=500, flexible answer extraction",exact_match,0.972,0.0074,vLLM 0.28.0,lm-eval 0.4.13,q-27b-fp8,
2026-09-10,RTX PRO 6000 Blackwell SE 96 GB,Qwen3.8-27B,Qwen/Qwen3.8-27B-FP8,fp8 (publisher),fp8,off,hellaswag,"10-shot, n=500",acc_norm,0.666,0.0211,vLLM 0.28.0,lm-eval 0.4.13,q-27b-fp8,
2026-09-10,RTX PRO 6000 Blackwell SE 96 GB,Qwen3.8-27B,Qwen/Qwen3.8-27B-FP8,fp8 (publisher),fp8,off,ifeval,"0-shot greedy chat template, n=541",prompt_level_strict_acc,0.7948,0.0174,vLLM 0.28.0,lm-eval 0.4.13,q-27b-fp8,
2026-09-10,RTX PRO 6000 Blackwell SE 96 GB,Qwen3.8-27B,Qwen/Qwen3.8-27B-FP8,fp8 (publisher),fp8,off,mmlu,"5-shot, 50 per subject",acc,0.8351,0.0067,vLLM 0.28.0,lm-eval 0.4.13,q-27b-fp8,
2026-09-10,RTX PRO 6000 Blackwell SE 96 GB,Qwen3.8-27B,Qwen/Qwen3.8-27B-FP8,fp8 (publisher),fp8,off,truthfulqa_mc2,"0-shot, n=500",acc,0.5263,0.0191,vLLM 0.28.0,lm-eval 0.4.13,q-27b-fp8,
2026-09-10,RTX PRO 6000 Blackwell SE 96 GB,Qwen3.8-27B,Qwen/Qwen3.8-27B-FP8,fp8 (publisher),fp8,off,wikitext,"60 documents, word perplexity",word_perplexity,8.5091,0.0,vLLM 0.28.0,lm-eval 0.4.13,q-27b-fp8,
2026-09-10,RTX PRO 6000 Blackwell SE 96 GB,Qwen3.8-27B,Qwen/Qwen3.8-27B-FP8,fp8 (publisher),fp8,off,winogrande,"5-shot, n=500",acc,0.786,0.0184,vLLM 0.28.0,lm-eval 0.4.13,q-27b-fp8,
2026-09-10,RTX PRO 6000 Blackwell SE 96 GB,Qwen3.8-27B,unsloth/Qwen3.8-27B-NVFP4,NVFP4 (community),fp8,off,arc_challenge,"25-shot, n=500",acc_norm,0.734,0.0198,vLLM 0.28.0,lm-eval 0.4.13,q-27b-nvfp4,
2026-09-10,RTX PRO 6000 Blackwell SE 96 GB,Qwen3.8-27B,unsloth/Qwen3.8-27B-NVFP4,NVFP4 (community),fp8,off,gsm8k,"5-shot greedy chat template, n=500",exact_match,0.974,0.0071,vLLM 0.28.0,lm-eval 0.4.13,q-27b-nvfp4,
2026-09-10,RTX PRO 6000 Blackwell SE 96 GB,Qwen3.8-27B,unsloth/Qwen3.8-27B-NVFP4,NVFP4 (community),fp8,off,gsm8k_flexible,"5-shot greedy chat template, n=500, flexible answer extraction",exact_match,0.974,0.0071,vLLM 0.28.0,lm-eval 0.4.13,q-27b-nvfp4,
2026-09-10,RTX PRO 6000 Blackwell SE 96 GB,Qwen3.8-27B,unsloth/Qwen3.8-27B-NVFP4,NVFP4 (community),fp8,off,hellaswag,"10-shot, n=500",acc_norm,0.68,0.0209,vLLM 0.28.0,lm-eval 0.4.13,q-27b-nvfp4,
2026-09-10,RTX PRO 6000 Blackwell SE 96 GB,Qwen3.8-27B,unsloth/Qwen3.8-27B-NVFP4,NVFP4 (community),fp8,off,ifeval,"0-shot greedy chat template, n=541",prompt_level_strict_acc,0.8078,0.017,vLLM 0.28.0,lm-eval 0.4.13,q-27b-nvfp4,
2026-09-10,RTX PRO 6000 Blackwell SE 96 GB,Qwen3.8-27B,unsloth/Qwen3.8-27B-NVFP4,NVFP4 (community),fp8,off,mmlu,"5-shot, 50 per subject",acc,0.8232,0.0069,vLLM 0.28.0,lm-eval 0.4.13,q-27b-nvfp4,
2026-09-10,RTX PRO 6000 Blackwell SE 96 GB,Qwen3.8-27B,unsloth/Qwen3.8-27B-NVFP4,NVFP4 (community),fp8,off,truthfulqa_mc2,"0-shot, n=500",acc,0.5174,0.0193,vLLM 0.28.0,lm-eval 0.4.13,q-27b-nvfp4,
2026-09-10,RTX PRO 6000 Blackwell SE 96 GB,Qwen3.8-27B,unsloth/Qwen3.8-27B-NVFP4,NVFP4 (community),fp8,off,wikitext,"60 documents, word perplexity",word_perplexity,8.6407,0.0,vLLM 0.28.0,lm-eval 0.4.13,q-27b-nvfp4,
2026-09-10,RTX PRO 6000 Blackwell SE 96 GB,Qwen3.8-27B,unsloth/Qwen3.8-27B-NVFP4,NVFP4 (community),fp8,off,winogrande,"5-shot, n=500",acc,0.806,0.0177,vLLM 0.28.0,lm-eval 0.4.13,q-27b-nvfp4,
2026-09-10,RTX PRO 6000 Blackwell SE 96 GB,Qwen3-8B,Qwen/Qwen3-8B,bf16,auto,off,arc_challenge,"25-shot, n=500",acc_norm,0.658,0.0212,vLLM 0.28.0,lm-eval 0.4.13,q-8b-bf16,
2026-09-10,RTX PRO 6000 Blackwell SE 96 GB,Qwen3-8B,Qwen/Qwen3-8B,bf16,auto,off,gsm8k,"5-shot greedy chat template, n=500",exact_match,0.784,0.0184,vLLM 0.28.0,lm-eval 0.4.13,q-8b-bf16,
2026-09-10,RTX PRO 6000 Blackwell SE 96 GB,Qwen3-8B,Qwen/Qwen3-8B,bf16,auto,off,gsm8k_flexible,"5-shot greedy chat template, n=500, flexible answer extraction",exact_match,0.848,0.0161,vLLM 0.28.0,lm-eval 0.4.13,q-8b-bf16,
2026-09-10,RTX PRO 6000 Blackwell SE 96 GB,Qwen3-8B,Qwen/Qwen3-8B,bf16,auto,off,hellaswag,"10-shot, n=500",acc_norm,0.676,0.021,vLLM 0.28.0,lm-eval 0.4.13,q-8b-bf16,
2026-09-10,RTX PRO 6000 Blackwell SE 96 GB,Qwen3-8B,Qwen/Qwen3-8B,bf16,auto,off,humaneval,"0-shot completion, 4 stop strings, n=164",pass@1,0.6463,0.0374,vLLM 0.28.0,lm-eval 0.4.13,q-8b-bf16,
2026-09-10,RTX PRO 6000 Blackwell SE 96 GB,Qwen3-8B,Qwen/Qwen3-8B,bf16,auto,off,ifeval,"0-shot greedy chat template, n=541",prompt_level_strict_acc,0.8078,0.017,vLLM 0.28.0,lm-eval 0.4.13,q-8b-bf16,
2026-09-10,RTX PRO 6000 Blackwell SE 96 GB,Qwen3-8B,Qwen/Qwen3-8B,bf16,auto,off,mmlu,"5-shot, 50 per subject",acc,0.7681,0.0076,vLLM 0.28.0,lm-eval 0.4.13,q-8b-bf16,
2026-09-10,RTX PRO 6000 Blackwell SE 96 GB,Qwen3-8B,Qwen/Qwen3-8B,bf16,auto,off,truthfulqa_mc2,"0-shot, n=500",acc,0.5381,0.0201,vLLM 0.28.0,lm-eval 0.4.13,q-8b-bf16,
2026-09-10,RTX PRO 6000 Blackwell SE 96 GB,Qwen3-8B,Qwen/Qwen3-8B,bf16,auto,off,wikitext,"60 documents, word perplexity",word_perplexity,12.2473,0.0,vLLM 0.28.0,lm-eval 0.4.13,q-8b-bf16,
2026-09-10,RTX PRO 6000 Blackwell SE 96 GB,Qwen3-8B,Qwen/Qwen3-8B,bf16,auto,off,winogrande,"5-shot, n=500",acc,0.704,0.0204,vLLM 0.28.0,lm-eval 0.4.13,q-8b-bf16,
2026-09-10,RTX PRO 6000 Blackwell SE 96 GB,Qwen3-8B,Qwen/Qwen3-8B-FP8,fp8 (publisher),fp8,off,arc_challenge,"25-shot, n=500",acc_norm,0.662,0.0212,vLLM 0.28.0,lm-eval 0.4.13,q-8b-fp8,
2026-09-10,RTX PRO 6000 Blackwell SE 96 GB,Qwen3-8B,Qwen/Qwen3-8B-FP8,fp8 (publisher),fp8,off,gsm8k,"5-shot greedy chat template, n=500",exact_match,0.746,0.0195,vLLM 0.28.0,lm-eval 0.4.13,q-8b-fp8,
2026-09-10,RTX PRO 6000 Blackwell SE 96 GB,Qwen3-8B,Qwen/Qwen3-8B-FP8,fp8 (publisher),fp8,off,gsm8k_flexible,"5-shot greedy chat template, n=500, flexible answer extraction",exact_match,0.848,0.0161,vLLM 0.28.0,lm-eval 0.4.13,q-8b-fp8,
2026-09-10,RTX PRO 6000 Blackwell SE 96 GB,Qwen3-8B,Qwen/Qwen3-8B-FP8,fp8 (publisher),fp8,off,hellaswag,"10-shot, n=500",acc_norm,0.668,0.0211,vLLM 0.28.0,lm-eval 0.4.13,q-8b-fp8,
2026-09-10,RTX PRO 6000 Blackwell SE 96 GB,Qwen3-8B,Qwen/Qwen3-8B-FP8,fp8 (publisher),fp8,off,humaneval,"0-shot completion, 4 stop strings, n=164",pass@1,0.6037,0.0383,vLLM 0.28.0,lm-eval 0.4.13,q-8b-fp8,
2026-09-10,RTX PRO 6000 Blackwell SE 96 GB,Qwen3-8B,Qwen/Qwen3-8B-FP8,fp8 (publisher),fp8,off,ifeval,"0-shot greedy chat template, n=541",prompt_level_strict_acc,0.8226,0.0164,vLLM 0.28.0,lm-eval 0.4.13,q-8b-fp8,
2026-09-10,RTX PRO 6000 Blackwell SE 96 GB,Qwen3-8B,Qwen/Qwen3-8B-FP8,fp8 (publisher),fp8,off,mmlu,"5-shot, 50 per subject",acc,0.7681,0.0076,vLLM 0.28.0,lm-eval 0.4.13,q-8b-fp8,
2026-09-10,RTX PRO 6000 Blackwell SE 96 GB,Qwen3-8B,Qwen/Qwen3-8B-FP8,fp8 (publisher),fp8,off,truthfulqa_mc2,"0-shot, n=500",acc,0.5322,0.0201,vLLM 0.28.0,lm-eval 0.4.13,q-8b-fp8,
2026-09-10,RTX PRO 6000 Blackwell SE 96 GB,Qwen3-8B,Qwen/Qwen3-8B-FP8,fp8 (publisher),fp8,off,wikitext,"60 documents, word perplexity",word_perplexity,12.3275,0.0,vLLM 0.28.0,lm-eval 0.4.13,q-8b-fp8,
2026-09-10,RTX PRO 6000 Blackwell SE 96 GB,Qwen3-8B,Qwen/Qwen3-8B-FP8,fp8 (publisher),fp8,off,winogrande,"5-shot, n=500",acc,0.716,0.0202,vLLM 0.28.0,lm-eval 0.4.13,q-8b-fp8,
2026-09-10,RTX PRO 6000 Blackwell SE 96 GB,Qwen3-8B,Qwen/Qwen3-8B-AWQ,AWQ Int4 (publisher),fp8,off,arc_challenge,"25-shot, n=500",acc_norm,0.662,0.0212,vLLM 0.28.0,lm-eval 0.4.13,q-8b-awq,
2026-09-10,RTX PRO 6000 Blackwell SE 96 GB,Qwen3-8B,Qwen/Qwen3-8B-AWQ,AWQ Int4 (publisher),fp8,off,gsm8k,"5-shot greedy chat template, n=500",exact_match,0.804,0.0178,vLLM 0.28.0,lm-eval 0.4.13,q-8b-awq,
2026-09-10,RTX PRO 6000 Blackwell SE 96 GB,Qwen3-8B,Qwen/Qwen3-8B-AWQ,AWQ Int4 (publisher),fp8,off,gsm8k_flexible,"5-shot greedy chat template, n=500, flexible answer extraction",exact_match,0.86,0.0155,vLLM 0.28.0,lm-eval 0.4.13,q-8b-awq,
2026-09-10,RTX PRO 6000 Blackwell SE 96 GB,Qwen3-8B,Qwen/Qwen3-8B-AWQ,AWQ Int4 (publisher),fp8,off,hellaswag,"10-shot, n=500",acc_norm,0.668,0.0211,vLLM 0.28.0,lm-eval 0.4.13,q-8b-awq,
2026-09-10,RTX PRO 6000 Blackwell SE 96 GB,Qwen3-8B,Qwen/Qwen3-8B-AWQ,AWQ Int4 (publisher),fp8,off,humaneval,"0-shot completion, 4 stop strings, n=164",pass@1,0.6341,0.0377,vLLM 0.28.0,lm-eval 0.4.13,q-8b-awq,
2026-09-10,RTX PRO 6000 Blackwell SE 96 GB,Qwen3-8B,Qwen/Qwen3-8B-AWQ,AWQ Int4 (publisher),fp8,off,ifeval,"0-shot greedy chat template, n=541",prompt_level_strict_acc,0.8096,0.0169,vLLM 0.28.0,lm-eval 0.4.13,q-8b-awq,
2026-09-10,RTX PRO 6000 Blackwell SE 96 GB,Qwen3-8B,Qwen/Qwen3-8B-AWQ,AWQ Int4 (publisher),fp8,off,mmlu,"5-shot, 50 per subject",acc,0.7621,0.0077,vLLM 0.28.0,lm-eval 0.4.13,q-8b-awq,
2026-09-10,RTX PRO 6000 Blackwell SE 96 GB,Qwen3-8B,Qwen/Qwen3-8B-AWQ,AWQ Int4 (publisher),fp8,off,truthfulqa_mc2,"0-shot, n=500",acc,0.5343,0.0203,vLLM 0.28.0,lm-eval 0.4.13,q-8b-awq,
2026-09-10,RTX PRO 6000 Blackwell SE 96 GB,Qwen3-8B,Qwen/Qwen3-8B-AWQ,AWQ Int4 (publisher),fp8,off,wikitext,"60 documents, word perplexity",word_perplexity,12.7018,0.0,vLLM 0.28.0,lm-eval 0.4.13,q-8b-awq,
2026-09-10,RTX PRO 6000 Blackwell SE 96 GB,Qwen3-8B,Qwen/Qwen3-8B-AWQ,AWQ Int4 (publisher),fp8,off,winogrande,"5-shot, n=500",acc,0.71,0.0203,vLLM 0.28.0,lm-eval 0.4.13,q-8b-awq,
2026-09-10,RTX PRO 6000 Blackwell SE 96 GB,Qwen3-8B,RedHatAI/Qwen3-8B-NVFP4,"NVFP4 (Red Hat, calibrated)",fp8,off,arc_challenge,"25-shot, n=500",acc_norm,0.65,0.0214,vLLM 0.28.0,lm-eval 0.4.13,q-8b-nvfp4,
2026-09-10,RTX PRO 6000 Blackwell SE 96 GB,Qwen3-8B,RedHatAI/Qwen3-8B-NVFP4,"NVFP4 (Red Hat, calibrated)",fp8,off,gsm8k,"5-shot greedy chat template, n=500",exact_match,0.796,0.018,vLLM 0.28.0,lm-eval 0.4.13,q-8b-nvfp4,
2026-09-10,RTX PRO 6000 Blackwell SE 96 GB,Qwen3-8B,RedHatAI/Qwen3-8B-NVFP4,"NVFP4 (Red Hat, calibrated)",fp8,off,gsm8k_flexible,"5-shot greedy chat template, n=500, flexible answer extraction",exact_match,0.838,0.0165,vLLM 0.28.0,lm-eval 0.4.13,q-8b-nvfp4,
2026-09-10,RTX PRO 6000 Blackwell SE 96 GB,Qwen3-8B,RedHatAI/Qwen3-8B-NVFP4,"NVFP4 (Red Hat, calibrated)",fp8,off,hellaswag,"10-shot, n=500",acc_norm,0.672,0.021,vLLM 0.28.0,lm-eval 0.4.13,q-8b-nvfp4,
2026-09-10,RTX PRO 6000 Blackwell SE 96 GB,Qwen3-8B,RedHatAI/Qwen3-8B-NVFP4,"NVFP4 (Red Hat, calibrated)",fp8,off,humaneval,"0-shot completion, 4 stop strings, n=164",pass@1,0.5793,0.0387,vLLM 0.28.0,lm-eval 0.4.13,q-8b-nvfp4,
2026-09-10,RTX PRO 6000 Blackwell SE 96 GB,Qwen3-8B,RedHatAI/Qwen3-8B-NVFP4,"NVFP4 (Red Hat, calibrated)",fp8,off,ifeval,"0-shot greedy chat template, n=541",prompt_level_strict_acc,0.8133,0.0168,vLLM 0.28.0,lm-eval 0.4.13,q-8b-nvfp4,
2026-09-10,RTX PRO 6000 Blackwell SE 96 GB,Qwen3-8B,RedHatAI/Qwen3-8B-NVFP4,"NVFP4 (Red Hat, calibrated)",fp8,off,mmlu,"5-shot, 50 per subject",acc,0.7512,0.0077,vLLM 0.28.0,lm-eval 0.4.13,q-8b-nvfp4,
2026-09-10,RTX PRO 6000 Blackwell SE 96 GB,Qwen3-8B,RedHatAI/Qwen3-8B-NVFP4,"NVFP4 (Red Hat, calibrated)",fp8,off,truthfulqa_mc2,"0-shot, n=500",acc,0.5359,0.0203,vLLM 0.28.0,lm-eval 0.4.13,q-8b-nvfp4,
2026-09-10,RTX PRO 6000 Blackwell SE 96 GB,Qwen3-8B,RedHatAI/Qwen3-8B-NVFP4,"NVFP4 (Red Hat, calibrated)",fp8,off,wikitext,"60 documents, word perplexity",word_perplexity,12.7319,0.0,vLLM 0.28.0,lm-eval 0.4.13,q-8b-nvfp4,
2026-09-10,RTX PRO 6000 Blackwell SE 96 GB,Qwen3-8B,RedHatAI/Qwen3-8B-NVFP4,"NVFP4 (Red Hat, calibrated)",fp8,off,winogrande,"5-shot, n=500",acc,0.698,0.0206,vLLM 0.28.0,lm-eval 0.4.13,q-8b-nvfp4,
2026-09-10,RTX PRO 6000 Blackwell SE 96 GB,Qwen3-8B,Qwen/Qwen3-8B-FP8,fp8 (publisher),auto,off,arc_challenge,"25-shot, n=500",acc_norm,0.656,0.0213,vLLM 0.28.0,lm-eval 0.4.13,q-8b-fp8-kvauto,KV precision variant
2026-09-10,RTX PRO 6000 Blackwell SE 96 GB,Qwen3-8B,Qwen/Qwen3-8B-FP8,fp8 (publisher),auto,off,gsm8k,"5-shot greedy chat template, n=500",exact_match,0.776,0.0187,vLLM 0.28.0,lm-eval 0.4.13,q-8b-fp8-kvauto,KV precision variant
2026-09-10,RTX PRO 6000 Blackwell SE 96 GB,Qwen3-8B,Qwen/Qwen3-8B-FP8,fp8 (publisher),auto,off,gsm8k_flexible,"5-shot greedy chat template, n=500, flexible answer extraction",exact_match,0.862,0.0154,vLLM 0.28.0,lm-eval 0.4.13,q-8b-fp8-kvauto,KV precision variant
2026-09-10,RTX PRO 6000 Blackwell SE 96 GB,Qwen3-8B,Qwen/Qwen3-8B-FP8,fp8 (publisher),auto,off,hellaswag,"10-shot, n=500",acc_norm,0.67,0.021,vLLM 0.28.0,lm-eval 0.4.13,q-8b-fp8-kvauto,KV precision variant
2026-09-10,RTX PRO 6000 Blackwell SE 96 GB,Qwen3-8B,Qwen/Qwen3-8B-FP8,fp8 (publisher),auto,off,humaneval,"0-shot completion, 4 stop strings, n=164",pass@1,0.6402,0.0376,vLLM 0.28.0,lm-eval 0.4.13,q-8b-fp8-kvauto,KV precision variant
2026-09-10,RTX PRO 6000 Blackwell SE 96 GB,Qwen3-8B,Qwen/Qwen3-8B-FP8,fp8 (publisher),auto,off,ifeval,"0-shot greedy chat template, n=541",prompt_level_strict_acc,0.8152,0.0167,vLLM 0.28.0,lm-eval 0.4.13,q-8b-fp8-kvauto,KV precision variant
2026-09-10,RTX PRO 6000 Blackwell SE 96 GB,Qwen3-8B,Qwen/Qwen3-8B-FP8,fp8 (publisher),auto,off,mmlu,"5-shot, 50 per subject",acc,0.7607,0.0077,vLLM 0.28.0,lm-eval 0.4.13,q-8b-fp8-kvauto,KV precision variant
2026-09-10,RTX PRO 6000 Blackwell SE 96 GB,Qwen3-8B,Qwen/Qwen3-8B-FP8,fp8 (publisher),auto,off,truthfulqa_mc2,"0-shot, n=500",acc,0.5385,0.0201,vLLM 0.28.0,lm-eval 0.4.13,q-8b-fp8-kvauto,KV precision variant
2026-09-10,RTX PRO 6000 Blackwell SE 96 GB,Qwen3-8B,Qwen/Qwen3-8B-FP8,fp8 (publisher),auto,off,wikitext,"60 documents, word perplexity",word_perplexity,12.3786,0.0,vLLM 0.28.0,lm-eval 0.4.13,q-8b-fp8-kvauto,KV precision variant
2026-09-10,RTX PRO 6000 Blackwell SE 96 GB,Qwen3-8B,Qwen/Qwen3-8B-FP8,fp8 (publisher),auto,off,winogrande,"5-shot, n=500",acc,0.702,0.0205,vLLM 0.28.0,lm-eval 0.4.13,q-8b-fp8-kvauto,KV precision variant
2026-09-10,RTX PRO 6000 Blackwell SE 96 GB,Qwen3-8B,Qwen/Qwen3-8B,bf16,fp8,off,arc_challenge,"25-shot, n=500",acc_norm,0.66,0.0212,vLLM 0.28.0,lm-eval 0.4.13,q-8b-bf16-kvfp8,KV precision variant
2026-09-10,RTX PRO 6000 Blackwell SE 96 GB,Qwen3-8B,Qwen/Qwen3-8B,bf16,fp8,off,gsm8k,"5-shot greedy chat template, n=500",exact_match,0.818,0.0173,vLLM 0.28.0,lm-eval 0.4.13,q-8b-bf16-kvfp8,KV precision variant
2026-09-10,RTX PRO 6000 Blackwell SE 96 GB,Qwen3-8B,Qwen/Qwen3-8B,bf16,fp8,off,gsm8k_flexible,"5-shot greedy chat template, n=500, flexible answer extraction",exact_match,0.86,0.0155,vLLM 0.28.0,lm-eval 0.4.13,q-8b-bf16-kvfp8,KV precision variant
2026-09-10,RTX PRO 6000 Blackwell SE 96 GB,Qwen3-8B,Qwen/Qwen3-8B,bf16,fp8,off,hellaswag,"10-shot, n=500",acc_norm,0.668,0.0211,vLLM 0.28.0,lm-eval 0.4.13,q-8b-bf16-kvfp8,KV precision variant
2026-09-10,RTX PRO 6000 Blackwell SE 96 GB,Qwen3-8B,Qwen/Qwen3-8B,bf16,fp8,off,humaneval,"0-shot completion, 4 stop strings, n=164",pass@1,0.6585,0.0371,vLLM 0.28.0,lm-eval 0.4.13,q-8b-bf16-kvfp8,KV precision variant
2026-09-10,RTX PRO 6000 Blackwell SE 96 GB,Qwen3-8B,Qwen/Qwen3-8B,bf16,fp8,off,ifeval,"0-shot greedy chat template, n=541",prompt_level_strict_acc,0.8078,0.017,vLLM 0.28.0,lm-eval 0.4.13,q-8b-bf16-kvfp8,KV precision variant
2026-09-10,RTX PRO 6000 Blackwell SE 96 GB,Qwen3-8B,Qwen/Qwen3-8B,bf16,fp8,off,mmlu,"5-shot, 50 per subject",acc,0.7702,0.0076,vLLM 0.28.0,lm-eval 0.4.13,q-8b-bf16-kvfp8,KV precision variant
2026-09-10,RTX PRO 6000 Blackwell SE 96 GB,Qwen3-8B,Qwen/Qwen3-8B,bf16,fp8,off,truthfulqa_mc2,"0-shot, n=500",acc,0.5379,0.0201,vLLM 0.28.0,lm-eval 0.4.13,q-8b-bf16-kvfp8,KV precision variant
2026-09-10,RTX PRO 6000 Blackwell SE 96 GB,Qwen3-8B,Qwen/Qwen3-8B,bf16,fp8,off,wikitext,"60 documents, word perplexity",word_perplexity,12.2676,0.0,vLLM 0.28.0,lm-eval 0.4.13,q-8b-bf16-kvfp8,KV precision variant
2026-09-10,RTX PRO 6000 Blackwell SE 96 GB,Qwen3-8B,Qwen/Qwen3-8B,bf16,fp8,off,winogrande,"5-shot, n=500",acc,0.712,0.0203,vLLM 0.28.0,lm-eval 0.4.13,q-8b-bf16-kvfp8,KV precision variant
2026-09-10,RTX PRO 6000 Blackwell SE 96 GB,Qwen3-32B,Qwen/Qwen3-32B,bf16,auto,off,arc_challenge,"25-shot, n=500",acc_norm,0.724,0.02,vLLM 0.28.0,lm-eval 0.4.13,q-32b-bf16,
2026-09-10,RTX PRO 6000 Blackwell SE 96 GB,Qwen3-32B,Qwen/Qwen3-32B,bf16,auto,off,gsm8k,"5-shot greedy chat template, n=500",exact_match,0.942,0.0105,vLLM 0.28.0,lm-eval 0.4.13,q-32b-bf16,
2026-09-10,RTX PRO 6000 Blackwell SE 96 GB,Qwen3-32B,Qwen/Qwen3-32B,bf16,auto,off,gsm8k_flexible,"5-shot greedy chat template, n=500, flexible answer extraction",exact_match,0.946,0.0101,vLLM 0.28.0,lm-eval 0.4.13,q-32b-bf16,
2026-09-10,RTX PRO 6000 Blackwell SE 96 GB,Qwen3-32B,Qwen/Qwen3-32B,bf16,auto,off,hellaswag,"10-shot, n=500",acc_norm,0.742,0.0196,vLLM 0.28.0,lm-eval 0.4.13,q-32b-bf16,
2026-09-10,RTX PRO 6000 Blackwell SE 96 GB,Qwen3-32B,Qwen/Qwen3-32B,bf16,auto,off,humaneval,"0-shot completion, 4 stop strings, n=164",pass@1,0.378,0.038,vLLM 0.28.0,lm-eval 0.4.13,q-32b-bf16,
2026-09-10,RTX PRO 6000 Blackwell SE 96 GB,Qwen3-32B,Qwen/Qwen3-32B,bf16,auto,off,ifeval,"0-shot greedy chat template, n=541",prompt_level_strict_acc,0.8447,0.0156,vLLM 0.28.0,lm-eval 0.4.13,q-32b-bf16,
2026-09-10,RTX PRO 6000 Blackwell SE 96 GB,Qwen3-32B,Qwen/Qwen3-32B,bf16,auto,off,mmlu,"5-shot, 50 per subject",acc,0.8404,0.0067,vLLM 0.28.0,lm-eval 0.4.13,q-32b-bf16,
2026-09-10,RTX PRO 6000 Blackwell SE 96 GB,Qwen3-32B,Qwen/Qwen3-32B,bf16,auto,off,truthfulqa_mc2,"0-shot, n=500",acc,0.5742,0.0195,vLLM 0.28.0,lm-eval 0.4.13,q-32b-bf16,
2026-09-10,RTX PRO 6000 Blackwell SE 96 GB,Qwen3-32B,Qwen/Qwen3-32B,bf16,auto,off,wikitext,"60 documents, word perplexity",word_perplexity,9.3716,0.0,vLLM 0.28.0,lm-eval 0.4.13,q-32b-bf16,
2026-09-10,RTX PRO 6000 Blackwell SE 96 GB,Qwen3-32B,Qwen/Qwen3-32B,bf16,auto,off,winogrande,"5-shot, n=500",acc,0.774,0.0187,vLLM 0.28.0,lm-eval 0.4.13,q-32b-bf16,
2026-09-10,RTX PRO 6000 Blackwell SE 96 GB,Qwen3-32B,Qwen/Qwen3-32B-FP8,fp8 (publisher),fp8,off,arc_challenge,"25-shot, n=500",acc_norm,0.724,0.02,vLLM 0.28.0,lm-eval 0.4.13,q-32b-fp8,
2026-09-10,RTX PRO 6000 Blackwell SE 96 GB,Qwen3-32B,Qwen/Qwen3-32B-FP8,fp8 (publisher),fp8,off,gsm8k,"5-shot greedy chat template, n=500",exact_match,0.936,0.011,vLLM 0.28.0,lm-eval 0.4.13,q-32b-fp8,
2026-09-10,RTX PRO 6000 Blackwell SE 96 GB,Qwen3-32B,Qwen/Qwen3-32B-FP8,fp8 (publisher),fp8,off,gsm8k_flexible,"5-shot greedy chat template, n=500, flexible answer extraction",exact_match,0.936,0.011,vLLM 0.28.0,lm-eval 0.4.13,q-32b-fp8,
2026-09-10,RTX PRO 6000 Blackwell SE 96 GB,Qwen3-32B,Qwen/Qwen3-32B-FP8,fp8 (publisher),fp8,off,hellaswag,"10-shot, n=500",acc_norm,0.738,0.0197,vLLM 0.28.0,lm-eval 0.4.13,q-32b-fp8,
2026-09-10,RTX PRO 6000 Blackwell SE 96 GB,Qwen3-32B,Qwen/Qwen3-32B-FP8,fp8 (publisher),fp8,off,humaneval,"0-shot completion, 4 stop strings, n=164",pass@1,0.3598,0.0376,vLLM 0.28.0,lm-eval 0.4.13,q-32b-fp8,
2026-09-10,RTX PRO 6000 Blackwell SE 96 GB,Qwen3-32B,Qwen/Qwen3-32B-FP8,fp8 (publisher),fp8,off,ifeval,"0-shot greedy chat template, n=541",prompt_level_strict_acc,0.8244,0.0164,vLLM 0.28.0,lm-eval 0.4.13,q-32b-fp8,
2026-09-10,RTX PRO 6000 Blackwell SE 96 GB,Qwen3-32B,Qwen/Qwen3-32B-FP8,fp8 (publisher),fp8,off,mmlu,"5-shot, 50 per subject",acc,0.8365,0.0067,vLLM 0.28.0,lm-eval 0.4.13,q-32b-fp8,
2026-09-10,RTX PRO 6000 Blackwell SE 96 GB,Qwen3-32B,Qwen/Qwen3-32B-FP8,fp8 (publisher),fp8,off,truthfulqa_mc2,"0-shot, n=500",acc,0.5757,0.0197,vLLM 0.28.0,lm-eval 0.4.13,q-32b-fp8,
2026-09-10,RTX PRO 6000 Blackwell SE 96 GB,Qwen3-32B,Qwen/Qwen3-32B-FP8,fp8 (publisher),fp8,off,wikitext,"60 documents, word perplexity",word_perplexity,9.4435,0.0,vLLM 0.28.0,lm-eval 0.4.13,q-32b-fp8,
2026-09-10,RTX PRO 6000 Blackwell SE 96 GB,Qwen3-32B,Qwen/Qwen3-32B-FP8,fp8 (publisher),fp8,off,winogrande,"5-shot, n=500",acc,0.776,0.0187,vLLM 0.28.0,lm-eval 0.4.13,q-32b-fp8,
2026-09-10,RTX PRO 6000 Blackwell SE 96 GB,Qwen3-32B,Qwen/Qwen3-32B-AWQ,AWQ Int4 (publisher),fp8,off,hellaswag,"10-shot, n=500",acc_norm,0.744,0.0195,vLLM 0.28.0,lm-eval 0.4.13,q-32b-awq,
2026-09-10,RTX PRO 6000 Blackwell SE 96 GB,Qwen3-32B,Qwen/Qwen3-32B-AWQ,AWQ Int4 (publisher),fp8,off,truthfulqa_mc2,"0-shot, n=500",acc,0.5874,0.0194,vLLM 0.28.0,lm-eval 0.4.13,q-32b-awq,
2026-09-10,RTX PRO 6000 Blackwell SE 96 GB,Qwen3-32B,Qwen/Qwen3-32B-AWQ,AWQ Int4 (publisher),fp8,off,winogrande,"5-shot, n=500",acc,0.782,0.0185,vLLM 0.28.0,lm-eval 0.4.13,q-32b-awq,
2026-09-10,RTX PRO 6000 Blackwell SE 96 GB,Qwen3-32B,RedHatAI/Qwen3-32B-NVFP4,"NVFP4 (Red Hat, calibrated)",fp8,off,arc_challenge,"25-shot, n=500",acc_norm,0.71,0.0203,vLLM 0.28.0,lm-eval 0.4.13,q-32b-nvfp4,
2026-09-10,RTX PRO 6000 Blackwell SE 96 GB,Qwen3-32B,RedHatAI/Qwen3-32B-NVFP4,"NVFP4 (Red Hat, calibrated)",fp8,off,gsm8k,"5-shot greedy chat template, n=500",exact_match,0.942,0.0105,vLLM 0.28.0,lm-eval 0.4.13,q-32b-nvfp4,
2026-09-10,RTX PRO 6000 Blackwell SE 96 GB,Qwen3-32B,RedHatAI/Qwen3-32B-NVFP4,"NVFP4 (Red Hat, calibrated)",fp8,off,gsm8k_flexible,"5-shot greedy chat template, n=500, flexible answer extraction",exact_match,0.948,0.0099,vLLM 0.28.0,lm-eval 0.4.13,q-32b-nvfp4,
2026-09-10,RTX PRO 6000 Blackwell SE 96 GB,Qwen3-32B,RedHatAI/Qwen3-32B-NVFP4,"NVFP4 (Red Hat, calibrated)",fp8,off,hellaswag,"10-shot, n=500",acc_norm,0.744,0.0195,vLLM 0.28.0,lm-eval 0.4.13,q-32b-nvfp4,
2026-09-10,RTX PRO 6000 Blackwell SE 96 GB,Qwen3-32B,RedHatAI/Qwen3-32B-NVFP4,"NVFP4 (Red Hat, calibrated)",fp8,off,humaneval,"0-shot completion, 4 stop strings, n=164",pass@1,0.4024,0.0384,vLLM 0.28.0,lm-eval 0.4.13,q-32b-nvfp4,
2026-09-10,RTX PRO 6000 Blackwell SE 96 GB,Qwen3-32B,RedHatAI/Qwen3-32B-NVFP4,"NVFP4 (Red Hat, calibrated)",fp8,off,ifeval,"0-shot greedy chat template, n=541",prompt_level_strict_acc,0.8244,0.0164,vLLM 0.28.0,lm-eval 0.4.13,q-32b-nvfp4,
2026-09-10,RTX PRO 6000 Blackwell SE 96 GB,Qwen3-32B,RedHatAI/Qwen3-32B-NVFP4,"NVFP4 (Red Hat, calibrated)",fp8,off,mmlu,"5-shot, 50 per subject",acc,0.8302,0.0068,vLLM 0.28.0,lm-eval 0.4.13,q-32b-nvfp4,
2026-09-10,RTX PRO 6000 Blackwell SE 96 GB,Qwen3-32B,RedHatAI/Qwen3-32B-NVFP4,"NVFP4 (Red Hat, calibrated)",fp8,off,truthfulqa_mc2,"0-shot, n=500",acc,0.5643,0.0196,vLLM 0.28.0,lm-eval 0.4.13,q-32b-nvfp4,
2026-09-10,RTX PRO 6000 Blackwell SE 96 GB,Qwen3-32B,RedHatAI/Qwen3-32B-NVFP4,"NVFP4 (Red Hat, calibrated)",fp8,off,wikitext,"60 documents, word perplexity",word_perplexity,9.871,0.0,vLLM 0.28.0,lm-eval 0.4.13,q-32b-nvfp4,
2026-09-10,RTX PRO 6000 Blackwell SE 96 GB,Qwen3-32B,RedHatAI/Qwen3-32B-NVFP4,"NVFP4 (Red Hat, calibrated)",fp8,off,winogrande,"5-shot, n=500",acc,0.78,0.0185,vLLM 0.28.0,lm-eval 0.4.13,q-32b-nvfp4,
2026-09-10,RTX PRO 6000 Blackwell SE 96 GB,Mistral-Small-3.2-24B,unsloth/Mistral-Small-3.2-24B-Instruct-2506,bf16,auto,n/a,gsm8k,"5-shot greedy chat template, n=500",exact_match,0.386,0.0218,vLLM 0.28.0,lm-eval 0.4.13,q-mistral-bf16,
2026-09-10,RTX PRO 6000 Blackwell SE 96 GB,Mistral-Small-3.2-24B,unsloth/Mistral-Small-3.2-24B-Instruct-2506,bf16,auto,n/a,gsm8k_flexible,"5-shot greedy chat template, n=500, flexible answer extraction",exact_match,0.916,0.0124,vLLM 0.28.0,lm-eval 0.4.13,q-mistral-bf16,
2026-09-10,RTX PRO 6000 Blackwell SE 96 GB,Mistral-Small-3.2-24B,unsloth/Mistral-Small-3.2-24B-Instruct-2506,bf16,auto,n/a,ifeval,"0-shot greedy chat template, n=541",prompt_level_strict_acc,0.7394,0.0189,vLLM 0.28.0,lm-eval 0.4.13,q-mistral-bf16,
2026-09-10,RTX PRO 6000 Blackwell SE 96 GB,Mistral-Small-3.2-24B,RedHatAI/Mistral-Small-3.2-24B-Instruct-2506-FP8,fp8 (Red Hat),fp8,n/a,arc_challenge,"25-shot, n=500",acc_norm,0.722,0.0201,vLLM 0.28.0,lm-eval 0.4.13,q-mistral-fp8,
2026-09-10,RTX PRO 6000 Blackwell SE 96 GB,Mistral-Small-3.2-24B,RedHatAI/Mistral-Small-3.2-24B-Instruct-2506-FP8,fp8 (Red Hat),fp8,n/a,gsm8k,"5-shot greedy chat template, n=500",exact_match,0.37,0.0216,vLLM 0.28.0,lm-eval 0.4.13,q-mistral-fp8,
2026-09-10,RTX PRO 6000 Blackwell SE 96 GB,Mistral-Small-3.2-24B,RedHatAI/Mistral-Small-3.2-24B-Instruct-2506-FP8,fp8 (Red Hat),fp8,n/a,gsm8k_flexible,"5-shot greedy chat template, n=500, flexible answer extraction",exact_match,0.934,0.0111,vLLM 0.28.0,lm-eval 0.4.13,q-mistral-fp8,
2026-09-10,RTX PRO 6000 Blackwell SE 96 GB,Mistral-Small-3.2-24B,RedHatAI/Mistral-Small-3.2-24B-Instruct-2506-FP8,fp8 (Red Hat),fp8,n/a,hellaswag,"10-shot, n=500",acc_norm,0.766,0.019,vLLM 0.28.0,lm-eval 0.4.13,q-mistral-fp8,
2026-09-10,RTX PRO 6000 Blackwell SE 96 GB,Mistral-Small-3.2-24B,RedHatAI/Mistral-Small-3.2-24B-Instruct-2506-FP8,fp8 (Red Hat),fp8,n/a,ifeval,"0-shot greedy chat template, n=541",prompt_level_strict_acc,0.7505,0.0186,vLLM 0.28.0,lm-eval 0.4.13,q-mistral-fp8,
2026-09-10,RTX PRO 6000 Blackwell SE 96 GB,Mistral-Small-3.2-24B,RedHatAI/Mistral-Small-3.2-24B-Instruct-2506-FP8,fp8 (Red Hat),fp8,n/a,mmlu,"5-shot, 50 per subject",acc,0.8175,0.0069,vLLM 0.28.0,lm-eval 0.4.13,q-mistral-fp8,
2026-09-10,RTX PRO 6000 Blackwell SE 96 GB,Mistral-Small-3.2-24B,RedHatAI/Mistral-Small-3.2-24B-Instruct-2506-FP8,fp8 (Red Hat),fp8,n/a,truthfulqa_mc2,"0-shot, n=500",acc,0.6147,0.0185,vLLM 0.28.0,lm-eval 0.4.13,q-mistral-fp8,
2026-09-10,RTX PRO 6000 Blackwell SE 96 GB,Mistral-Small-3.2-24B,RedHatAI/Mistral-Small-3.2-24B-Instruct-2506-FP8,fp8 (Red Hat),fp8,n/a,winogrande,"5-shot, n=500",acc,0.79,0.0182,vLLM 0.28.0,lm-eval 0.4.13,q-mistral-fp8,
2026-09-10,RTX PRO 6000 Blackwell SE 96 GB,Mistral-Small-3.2-24B,RedHatAI/Mistral-Small-3.2-24B-Instruct-2506-NVFP4,"NVFP4 (Red Hat, calibrated)",fp8,n/a,arc_challenge,"25-shot, n=500",acc_norm,0.714,0.0202,vLLM 0.28.0,lm-eval 0.4.13,q-mistral-nvfp4,
2026-09-10,RTX PRO 6000 Blackwell SE 96 GB,Mistral-Small-3.2-24B,RedHatAI/Mistral-Small-3.2-24B-Instruct-2506-NVFP4,"NVFP4 (Red Hat, calibrated)",fp8,n/a,hellaswag,"10-shot, n=500",acc_norm,0.758,0.0192,vLLM 0.28.0,lm-eval 0.4.13,q-mistral-nvfp4,
2026-09-10,RTX PRO 6000 Blackwell SE 96 GB,Mistral-Small-3.2-24B,RedHatAI/Mistral-Small-3.2-24B-Instruct-2506-NVFP4,"NVFP4 (Red Hat, calibrated)",fp8,n/a,truthfulqa_mc2,"0-shot, n=500",acc,0.5934,0.0187,vLLM 0.28.0,lm-eval 0.4.13,q-mistral-nvfp4,
2026-09-10,RTX PRO 6000 Blackwell SE 96 GB,Mistral-Small-3.2-24B,RedHatAI/Mistral-Small-3.2-24B-Instruct-2506-NVFP4,"NVFP4 (Red Hat, calibrated)",fp8,n/a,wikitext,"60 documents, word perplexity",word_perplexity,7.1561,0.0,vLLM 0.28.0,lm-eval 0.4.13,q-mistral-nvfp4,
2026-09-10,RTX PRO 6000 Blackwell SE 96 GB,Mistral-Small-3.2-24B,RedHatAI/Mistral-Small-3.2-24B-Instruct-2506-NVFP4,"NVFP4 (Red Hat, calibrated)",fp8,n/a,winogrande,"5-shot, n=500",acc,0.77,0.0188,vLLM 0.28.0,lm-eval 0.4.13,q-mistral-nvfp4,
2026-09-16,RTX PRO 6000 Blackwell SE 96 GB,gemma-4-26B-A4B,google/gemma-4-26B-A4B-it,bf16,auto,off,arc_challenge,"25-shot, n=500",acc_norm,0.708,0.0204,vLLM 0.28.0,lm-eval 0.4.13,q-26b-bf16,chat-templated loglik (the IT checkpoints are out of distribution on raw text); wikitext skipped; eval 0.75/3072
2026-09-16,RTX PRO 6000 Blackwell SE 96 GB,gemma-4-26B-A4B,google/gemma-4-26B-A4B-it,bf16,auto,off,gsm8k,"5-shot greedy chat template, n=500",exact_match,0.938,0.0108,vLLM 0.28.0,lm-eval 0.4.13,q-26b-bf16,chat-templated loglik (the IT checkpoints are out of distribution on raw text); wikitext skipped; eval 0.75/3072
2026-09-16,RTX PRO 6000 Blackwell SE 96 GB,gemma-4-26B-A4B,google/gemma-4-26B-A4B-it,bf16,auto,off,gsm8k_flexible,"5-shot greedy chat template, n=500, flexible answer extraction",exact_match,0.938,0.0108,vLLM 0.28.0,lm-eval 0.4.13,q-26b-bf16,chat-templated loglik (the IT checkpoints are out of distribution on raw text); wikitext skipped; eval 0.75/3072
2026-09-16,RTX PRO 6000 Blackwell SE 96 GB,gemma-4-26B-A4B,google/gemma-4-26B-A4B-it,bf16,auto,off,hellaswag,"10-shot, n=500",acc_norm,0.624,0.0217,vLLM 0.28.0,lm-eval 0.4.13,q-26b-bf16,chat-templated loglik (the IT checkpoints are out of distribution on raw text); wikitext skipped; eval 0.75/3072
2026-09-16,RTX PRO 6000 Blackwell SE 96 GB,gemma-4-26B-A4B,google/gemma-4-26B-A4B-it,bf16,auto,off,ifeval,"0-shot greedy chat template, n=541",prompt_level_strict_acc,0.8706,0.0144,vLLM 0.28.0,lm-eval 0.4.13,q-26b-bf16,chat-templated loglik (the IT checkpoints are out of distribution on raw text); wikitext skipped; eval 0.75/3072
2026-09-16,RTX PRO 6000 Blackwell SE 96 GB,gemma-4-26B-A4B,google/gemma-4-26B-A4B-it,bf16,auto,off,mmlu,"5-shot, 50 per subject",acc,0.8418,0.0066,vLLM 0.28.0,lm-eval 0.4.13,q-26b-bf16,chat-templated loglik (the IT checkpoints are out of distribution on raw text); wikitext skipped; eval 0.75/3072
2026-09-16,RTX PRO 6000 Blackwell SE 96 GB,gemma-4-26B-A4B,google/gemma-4-26B-A4B-it,bf16,auto,off,truthfulqa_mc2,"0-shot, n=500",acc,0.6292,0.0206,vLLM 0.28.0,lm-eval 0.4.13,q-26b-bf16,chat-templated loglik (the IT checkpoints are out of distribution on raw text); wikitext skipped; eval 0.75/3072
2026-09-16,RTX PRO 6000 Blackwell SE 96 GB,gemma-4-26B-A4B,google/gemma-4-26B-A4B-it,bf16,auto,off,winogrande,"5-shot, n=500",acc,0.702,0.0205,vLLM 0.28.0,lm-eval 0.4.13,q-26b-bf16,chat-templated loglik (the IT checkpoints are out of distribution on raw text); wikitext skipped; eval 0.75/3072
2026-09-16,RTX PRO 6000 Blackwell SE 96 GB,gemma-4-26B-A4B,RedHatAI/gemma-4-26B-A4B-it-FP8-dynamic,"fp8 (Red Hat, dynamic)",fp8,off,arc_challenge,"25-shot, n=500",acc_norm,0.696,0.0206,vLLM 0.28.0,lm-eval 0.4.13,q-26b-fp8,chat-templated loglik (the IT checkpoints are out of distribution on raw text); wikitext skipped; eval 0.75/3072
2026-09-16,RTX PRO 6000 Blackwell SE 96 GB,gemma-4-26B-A4B,RedHatAI/gemma-4-26B-A4B-it-FP8-dynamic,"fp8 (Red Hat, dynamic)",fp8,off,gsm8k,"5-shot greedy chat template, n=500",exact_match,0.938,0.0108,vLLM 0.28.0,lm-eval 0.4.13,q-26b-fp8,chat-templated loglik (the IT checkpoints are out of distribution on raw text); wikitext skipped; eval 0.75/3072
2026-09-16,RTX PRO 6000 Blackwell SE 96 GB,gemma-4-26B-A4B,RedHatAI/gemma-4-26B-A4B-it-FP8-dynamic,"fp8 (Red Hat, dynamic)",fp8,off,gsm8k_flexible,"5-shot greedy chat template, n=500, flexible answer extraction",exact_match,0.942,0.0105,vLLM 0.28.0,lm-eval 0.4.13,q-26b-fp8,chat-templated loglik (the IT checkpoints are out of distribution on raw text); wikitext skipped; eval 0.75/3072
2026-09-16,RTX PRO 6000 Blackwell SE 96 GB,gemma-4-26B-A4B,RedHatAI/gemma-4-26B-A4B-it-FP8-dynamic,"fp8 (Red Hat, dynamic)",fp8,off,hellaswag,"10-shot, n=500",acc_norm,0.618,0.0218,vLLM 0.28.0,lm-eval 0.4.13,q-26b-fp8,chat-templated loglik (the IT checkpoints are out of distribution on raw text); wikitext skipped; eval 0.75/3072
2026-09-16,RTX PRO 6000 Blackwell SE 96 GB,gemma-4-26B-A4B,RedHatAI/gemma-4-26B-A4B-it-FP8-dynamic,"fp8 (Red Hat, dynamic)",fp8,off,ifeval,"0-shot greedy chat template, n=541",prompt_level_strict_acc,0.8891,0.0135,vLLM 0.28.0,lm-eval 0.4.13,q-26b-fp8,chat-templated loglik (the IT checkpoints are out of distribution on raw text); wikitext skipped; eval 0.75/3072
2026-09-16,RTX PRO 6000 Blackwell SE 96 GB,gemma-4-26B-A4B,RedHatAI/gemma-4-26B-A4B-it-FP8-dynamic,"fp8 (Red Hat, dynamic)",fp8,off,mmlu,"5-shot, 50 per subject",acc,0.8425,0.0066,vLLM 0.28.0,lm-eval 0.4.13,q-26b-fp8,chat-templated loglik (the IT checkpoints are out of distribution on raw text); wikitext skipped; eval 0.75/3072
2026-09-16,RTX PRO 6000 Blackwell SE 96 GB,gemma-4-26B-A4B,RedHatAI/gemma-4-26B-A4B-it-FP8-dynamic,"fp8 (Red Hat, dynamic)",fp8,off,truthfulqa_mc2,"0-shot, n=500",acc,0.64,0.0204,vLLM 0.28.0,lm-eval 0.4.13,q-26b-fp8,chat-templated loglik (the IT checkpoints are out of distribution on raw text); wikitext skipped; eval 0.75/3072
2026-09-16,RTX PRO 6000 Blackwell SE 96 GB,gemma-4-26B-A4B,RedHatAI/gemma-4-26B-A4B-it-FP8-dynamic,"fp8 (Red Hat, dynamic)",fp8,off,winogrande,"5-shot, n=500",acc,0.708,0.0204,vLLM 0.28.0,lm-eval 0.4.13,q-26b-fp8,chat-templated loglik (the IT checkpoints are out of distribution on raw text); wikitext skipped; eval 0.75/3072
2026-09-16,RTX PRO 6000 Blackwell SE 96 GB,gemma-4-26B-A4B,nvidia/Gemma-4-26B-A4B-NVFP4,"NVFP4 (NVIDIA, calibrated)",fp8,off,arc_challenge,"25-shot, n=500",acc_norm,0.688,0.0207,vLLM 0.28.0,lm-eval 0.4.13,q-26b-nvfp4,chat-templated loglik (the IT checkpoints are out of distribution on raw text); wikitext skipped; eval 0.75/3072
2026-09-16,RTX PRO 6000 Blackwell SE 96 GB,gemma-4-26B-A4B,nvidia/Gemma-4-26B-A4B-NVFP4,"NVFP4 (NVIDIA, calibrated)",fp8,off,gsm8k,"5-shot greedy chat template, n=500",exact_match,0.936,0.011,vLLM 0.28.0,lm-eval 0.4.13,q-26b-nvfp4,chat-templated loglik (the IT checkpoints are out of distribution on raw text); wikitext skipped; eval 0.75/3072
2026-09-16,RTX PRO 6000 Blackwell SE 96 GB,gemma-4-26B-A4B,nvidia/Gemma-4-26B-A4B-NVFP4,"NVFP4 (NVIDIA, calibrated)",fp8,off,gsm8k_flexible,"5-shot greedy chat template, n=500, flexible answer extraction",exact_match,0.936,0.011,vLLM 0.28.0,lm-eval 0.4.13,q-26b-nvfp4,chat-templated loglik (the IT checkpoints are out of distribution on raw text); wikitext skipped; eval 0.75/3072
2026-09-16,RTX PRO 6000 Blackwell SE 96 GB,gemma-4-26B-A4B,nvidia/Gemma-4-26B-A4B-NVFP4,"NVFP4 (NVIDIA, calibrated)",fp8,off,hellaswag,"10-shot, n=500",acc_norm,0.618,0.0218,vLLM 0.28.0,lm-eval 0.4.13,q-26b-nvfp4,chat-templated loglik (the IT checkpoints are out of distribution on raw text); wikitext skipped; eval 0.75/3072
2026-09-16,RTX PRO 6000 Blackwell SE 96 GB,gemma-4-26B-A4B,nvidia/Gemma-4-26B-A4B-NVFP4,"NVFP4 (NVIDIA, calibrated)",fp8,off,ifeval,"0-shot greedy chat template, n=541",prompt_level_strict_acc,0.8854,0.0137,vLLM 0.28.0,lm-eval 0.4.13,q-26b-nvfp4,chat-templated loglik (the IT checkpoints are out of distribution on raw text); wikitext skipped; eval 0.75/3072
2026-09-16,RTX PRO 6000 Blackwell SE 96 GB,gemma-4-26B-A4B,nvidia/Gemma-4-26B-A4B-NVFP4,"NVFP4 (NVIDIA, calibrated)",fp8,off,mmlu,"5-shot, 50 per subject",acc,0.8379,0.0066,vLLM 0.28.0,lm-eval 0.4.13,q-26b-nvfp4,chat-templated loglik (the IT checkpoints are out of distribution on raw text); wikitext skipped; eval 0.75/3072
2026-09-16,RTX PRO 6000 Blackwell SE 96 GB,gemma-4-26B-A4B,nvidia/Gemma-4-26B-A4B-NVFP4,"NVFP4 (NVIDIA, calibrated)",fp8,off,truthfulqa_mc2,"0-shot, n=500",acc,0.635,0.0205,vLLM 0.28.0,lm-eval 0.4.13,q-26b-nvfp4,chat-templated loglik (the IT checkpoints are out of distribution on raw text); wikitext skipped; eval 0.75/3072
2026-09-16,RTX PRO 6000 Blackwell SE 96 GB,gemma-4-26B-A4B,nvidia/Gemma-4-26B-A4B-NVFP4,"NVFP4 (NVIDIA, calibrated)",fp8,off,winogrande,"5-shot, n=500",acc,0.736,0.0197,vLLM 0.28.0,lm-eval 0.4.13,q-26b-nvfp4,chat-templated loglik (the IT checkpoints are out of distribution on raw text); wikitext skipped; eval 0.75/3072
2026-09-16,RTX PRO 6000 Blackwell SE 96 GB,gemma-4-31B,google/gemma-4-31B-it,bf16,auto,off,arc_challenge,"25-shot, n=500",acc_norm,0.688,0.0207,vLLM 0.28.0,lm-eval 0.4.13,q-31b-bf16,chat-templated loglik (the IT checkpoints are out of distribution on raw text); wikitext skipped; eval 0.75/3072; eval 0.80 / maxModelLen 8192
2026-09-16,RTX PRO 6000 Blackwell SE 96 GB,gemma-4-31B,google/gemma-4-31B-it,bf16,auto,off,gsm8k,"5-shot greedy chat template, n=500",exact_match,0.96,0.0088,vLLM 0.28.0,lm-eval 0.4.13,q-31b-bf16,chat-templated loglik (the IT checkpoints are out of distribution on raw text); wikitext skipped; eval 0.75/3072; eval 0.80 / maxModelLen 8192
2026-09-16,RTX PRO 6000 Blackwell SE 96 GB,gemma-4-31B,google/gemma-4-31B-it,bf16,auto,off,gsm8k_flexible,"5-shot greedy chat template, n=500, flexible answer extraction",exact_match,0.96,0.0088,vLLM 0.28.0,lm-eval 0.4.13,q-31b-bf16,chat-templated loglik (the IT checkpoints are out of distribution on raw text); wikitext skipped; eval 0.75/3072; eval 0.80 / maxModelLen 8192
2026-09-16,RTX PRO 6000 Blackwell SE 96 GB,gemma-4-31B,google/gemma-4-31B-it,bf16,auto,off,hellaswag,"10-shot, n=500",acc_norm,0.62,0.0217,vLLM 0.28.0,lm-eval 0.4.13,q-31b-bf16,chat-templated loglik (the IT checkpoints are out of distribution on raw text); wikitext skipped; eval 0.75/3072; eval 0.80 / maxModelLen 8192
2026-09-16,RTX PRO 6000 Blackwell SE 96 GB,gemma-4-31B,google/gemma-4-31B-it,bf16,auto,off,ifeval,"0-shot greedy chat template, n=541",prompt_level_strict_acc,0.9002,0.0129,vLLM 0.28.0,lm-eval 0.4.13,q-31b-bf16,chat-templated loglik (the IT checkpoints are out of distribution on raw text); wikitext skipped; eval 0.75/3072; eval 0.80 / maxModelLen 8192
2026-09-16,RTX PRO 6000 Blackwell SE 96 GB,gemma-4-31B,google/gemma-4-31B-it,bf16,auto,off,mmlu,"5-shot, 50 per subject",acc,0.8758,0.006,vLLM 0.28.0,lm-eval 0.4.13,q-31b-bf16,chat-templated loglik (the IT checkpoints are out of distribution on raw text); wikitext skipped; eval 0.75/3072; eval 0.80 / maxModelLen 8192
2026-09-16,RTX PRO 6000 Blackwell SE 96 GB,gemma-4-31B,google/gemma-4-31B-it,bf16,auto,off,truthfulqa_mc2,"0-shot, n=500",acc,0.6395,0.0208,vLLM 0.28.0,lm-eval 0.4.13,q-31b-bf16,chat-templated loglik (the IT checkpoints are out of distribution on raw text); wikitext skipped; eval 0.75/3072; eval 0.80 / maxModelLen 8192
2026-09-16,RTX PRO 6000 Blackwell SE 96 GB,gemma-4-31B,google/gemma-4-31B-it,bf16,auto,off,winogrande,"5-shot, n=500",acc,0.758,0.0192,vLLM 0.28.0,lm-eval 0.4.13,q-31b-bf16,chat-templated loglik (the IT checkpoints are out of distribution on raw text); wikitext skipped; eval 0.75/3072; eval 0.80 / maxModelLen 8192
2026-09-16,RTX PRO 6000 Blackwell SE 96 GB,gemma-4-31B,RedHatAI/gemma-4-31B-it-FP8-dynamic,"fp8 (Red Hat, dynamic)",fp8,off,arc_challenge,"25-shot, n=500",acc_norm,0.688,0.0207,vLLM 0.28.0,lm-eval 0.4.13,q-31b-fp8,chat-templated loglik (the IT checkpoints are out of distribution on raw text); wikitext skipped; eval 0.75/3072
2026-09-16,RTX PRO 6000 Blackwell SE 96 GB,gemma-4-31B,RedHatAI/gemma-4-31B-it-FP8-dynamic,"fp8 (Red Hat, dynamic)",fp8,off,gsm8k,"5-shot greedy chat template, n=500",exact_match,0.956,0.0092,vLLM 0.28.0,lm-eval 0.4.13,q-31b-fp8,chat-templated loglik (the IT checkpoints are out of distribution on raw text); wikitext skipped; eval 0.75/3072
2026-09-16,RTX PRO 6000 Blackwell SE 96 GB,gemma-4-31B,RedHatAI/gemma-4-31B-it-FP8-dynamic,"fp8 (Red Hat, dynamic)",fp8,off,gsm8k_flexible,"5-shot greedy chat template, n=500, flexible answer extraction",exact_match,0.956,0.0092,vLLM 0.28.0,lm-eval 0.4.13,q-31b-fp8,chat-templated loglik (the IT checkpoints are out of distribution on raw text); wikitext skipped; eval 0.75/3072
2026-09-16,RTX PRO 6000 Blackwell SE 96 GB,gemma-4-31B,RedHatAI/gemma-4-31B-it-FP8-dynamic,"fp8 (Red Hat, dynamic)",fp8,off,hellaswag,"10-shot, n=500",acc_norm,0.62,0.0217,vLLM 0.28.0,lm-eval 0.4.13,q-31b-fp8,chat-templated loglik (the IT checkpoints are out of distribution on raw text); wikitext skipped; eval 0.75/3072
2026-09-16,RTX PRO 6000 Blackwell SE 96 GB,gemma-4-31B,RedHatAI/gemma-4-31B-it-FP8-dynamic,"fp8 (Red Hat, dynamic)",fp8,off,ifeval,"0-shot greedy chat template, n=541",prompt_level_strict_acc,0.902,0.0128,vLLM 0.28.0,lm-eval 0.4.13,q-31b-fp8,chat-templated loglik (the IT checkpoints are out of distribution on raw text); wikitext skipped; eval 0.75/3072
2026-09-16,RTX PRO 6000 Blackwell SE 96 GB,gemma-4-31B,RedHatAI/gemma-4-31B-it-FP8-dynamic,"fp8 (Red Hat, dynamic)",fp8,off,mmlu,"5-shot, 50 per subject",acc,0.8768,0.006,vLLM 0.28.0,lm-eval 0.4.13,q-31b-fp8,chat-templated loglik (the IT checkpoints are out of distribution on raw text); wikitext skipped; eval 0.75/3072
2026-09-16,RTX PRO 6000 Blackwell SE 96 GB,gemma-4-31B,RedHatAI/gemma-4-31B-it-FP8-dynamic,"fp8 (Red Hat, dynamic)",fp8,off,truthfulqa_mc2,"0-shot, n=500",acc,0.6357,0.0207,vLLM 0.28.0,lm-eval 0.4.13,q-31b-fp8,chat-templated loglik (the IT checkpoints are out of distribution on raw text); wikitext skipped; eval 0.75/3072
2026-09-16,RTX PRO 6000 Blackwell SE 96 GB,gemma-4-31B,RedHatAI/gemma-4-31B-it-FP8-dynamic,"fp8 (Red Hat, dynamic)",fp8,off,winogrande,"5-shot, n=500",acc,0.76,0.0191,vLLM 0.28.0,lm-eval 0.4.13,q-31b-fp8,chat-templated loglik (the IT checkpoints are out of distribution on raw text); wikitext skipped; eval 0.75/3072
2026-09-16,RTX PRO 6000 Blackwell SE 96 GB,gemma-4-31B,google/gemma-4-31B-it-qat-w4a16-ct,W4A16 int4 (Google QAT),fp8,off,arc_challenge,"25-shot, n=500",acc_norm,0.676,0.021,vLLM 0.28.0,lm-eval 0.4.13,q-31b-w4a16,chat-templated loglik (the IT checkpoints are out of distribution on raw text); wikitext skipped; eval 0.75/3072
2026-09-16,RTX PRO 6000 Blackwell SE 96 GB,gemma-4-31B,google/gemma-4-31B-it-qat-w4a16-ct,W4A16 int4 (Google QAT),fp8,off,gsm8k,"5-shot greedy chat template, n=500",exact_match,0.958,0.009,vLLM 0.28.0,lm-eval 0.4.13,q-31b-w4a16,chat-templated loglik (the IT checkpoints are out of distribution on raw text); wikitext skipped; eval 0.75/3072
2026-09-16,RTX PRO 6000 Blackwell SE 96 GB,gemma-4-31B,google/gemma-4-31B-it-qat-w4a16-ct,W4A16 int4 (Google QAT),fp8,off,gsm8k_flexible,"5-shot greedy chat template, n=500, flexible answer extraction",exact_match,0.958,0.009,vLLM 0.28.0,lm-eval 0.4.13,q-31b-w4a16,chat-templated loglik (the IT checkpoints are out of distribution on raw text); wikitext skipped; eval 0.75/3072
2026-09-16,RTX PRO 6000 Blackwell SE 96 GB,gemma-4-31B,google/gemma-4-31B-it-qat-w4a16-ct,W4A16 int4 (Google QAT),fp8,off,hellaswag,"10-shot, n=500",acc_norm,0.646,0.0214,vLLM 0.28.0,lm-eval 0.4.13,q-31b-w4a16,chat-templated loglik (the IT checkpoints are out of distribution on raw text); wikitext skipped; eval 0.75/3072
2026-09-16,RTX PRO 6000 Blackwell SE 96 GB,gemma-4-31B,google/gemma-4-31B-it-qat-w4a16-ct,W4A16 int4 (Google QAT),fp8,off,ifeval,"0-shot greedy chat template, n=541",prompt_level_strict_acc,0.9057,0.0126,vLLM 0.28.0,lm-eval 0.4.13,q-31b-w4a16,chat-templated loglik (the IT checkpoints are out of distribution on raw text); wikitext skipped; eval 0.75/3072
2026-09-16,RTX PRO 6000 Blackwell SE 96 GB,gemma-4-31B,google/gemma-4-31B-it-qat-w4a16-ct,W4A16 int4 (Google QAT),fp8,off,mmlu,"5-shot, 50 per subject",acc,0.8702,0.0061,vLLM 0.28.0,lm-eval 0.4.13,q-31b-w4a16,chat-templated loglik (the IT checkpoints are out of distribution on raw text); wikitext skipped; eval 0.75/3072
2026-09-16,RTX PRO 6000 Blackwell SE 96 GB,gemma-4-31B,google/gemma-4-31B-it-qat-w4a16-ct,W4A16 int4 (Google QAT),fp8,off,truthfulqa_mc2,"0-shot, n=500",acc,0.6315,0.0207,vLLM 0.28.0,lm-eval 0.4.13,q-31b-w4a16,chat-templated loglik (the IT checkpoints are out of distribution on raw text); wikitext skipped; eval 0.75/3072
2026-09-16,RTX PRO 6000 Blackwell SE 96 GB,gemma-4-31B,google/gemma-4-31B-it-qat-w4a16-ct,W4A16 int4 (Google QAT),fp8,off,winogrande,"5-shot, n=500",acc,0.756,0.0192,vLLM 0.28.0,lm-eval 0.4.13,q-31b-w4a16,chat-templated loglik (the IT checkpoints are out of distribution on raw text); wikitext skipped; eval 0.75/3072
2026-09-16,RTX PRO 6000 Blackwell SE 96 GB,gemma-4-31B,nvidia/Gemma-4-31B-IT-NVFP4,"NVFP4 (NVIDIA, calibrated)",fp8,off,arc_challenge,"25-shot, n=500",acc_norm,0.672,0.021,vLLM 0.28.0,lm-eval 0.4.13,q-31b-nvfp4,chat-templated loglik (the IT checkpoints are out of distribution on raw text); wikitext skipped; eval 0.75/3072
2026-09-16,RTX PRO 6000 Blackwell SE 96 GB,gemma-4-31B,nvidia/Gemma-4-31B-IT-NVFP4,"NVFP4 (NVIDIA, calibrated)",fp8,off,gsm8k,"5-shot greedy chat template, n=500",exact_match,0.968,0.0079,vLLM 0.28.0,lm-eval 0.4.13,q-31b-nvfp4,chat-templated loglik (the IT checkpoints are out of distribution on raw text); wikitext skipped; eval 0.75/3072
2026-09-16,RTX PRO 6000 Blackwell SE 96 GB,gemma-4-31B,nvidia/Gemma-4-31B-IT-NVFP4,"NVFP4 (NVIDIA, calibrated)",fp8,off,gsm8k_flexible,"5-shot greedy chat template, n=500, flexible answer extraction",exact_match,0.968,0.0079,vLLM 0.28.0,lm-eval 0.4.13,q-31b-nvfp4,chat-templated loglik (the IT checkpoints are out of distribution on raw text); wikitext skipped; eval 0.75/3072
2026-09-16,RTX PRO 6000 Blackwell SE 96 GB,gemma-4-31B,nvidia/Gemma-4-31B-IT-NVFP4,"NVFP4 (NVIDIA, calibrated)",fp8,off,hellaswag,"10-shot, n=500",acc_norm,0.618,0.0218,vLLM 0.28.0,lm-eval 0.4.13,q-31b-nvfp4,chat-templated loglik (the IT checkpoints are out of distribution on raw text); wikitext skipped; eval 0.75/3072
2026-09-16,RTX PRO 6000 Blackwell SE 96 GB,gemma-4-31B,nvidia/Gemma-4-31B-IT-NVFP4,"NVFP4 (NVIDIA, calibrated)",fp8,off,ifeval,"0-shot greedy chat template, n=541",prompt_level_strict_acc,0.902,0.0128,vLLM 0.28.0,lm-eval 0.4.13,q-31b-nvfp4,chat-templated loglik (the IT checkpoints are out of distribution on raw text); wikitext skipped; eval 0.75/3072
2026-09-16,RTX PRO 6000 Blackwell SE 96 GB,gemma-4-31B,nvidia/Gemma-4-31B-IT-NVFP4,"NVFP4 (NVIDIA, calibrated)",fp8,off,mmlu,"5-shot, 50 per subject",acc,0.8744,0.006,vLLM 0.28.0,lm-eval 0.4.13,q-31b-nvfp4,chat-templated loglik (the IT checkpoints are out of distribution on raw text); wikitext skipped; eval 0.75/3072
2026-09-16,RTX PRO 6000 Blackwell SE 96 GB,gemma-4-31B,nvidia/Gemma-4-31B-IT-NVFP4,"NVFP4 (NVIDIA, calibrated)",fp8,off,truthfulqa_mc2,"0-shot, n=500",acc,0.6245,0.0207,vLLM 0.28.0,lm-eval 0.4.13,q-31b-nvfp4,chat-templated loglik (the IT checkpoints are out of distribution on raw text); wikitext skipped; eval 0.75/3072
2026-09-16,RTX PRO 6000 Blackwell SE 96 GB,gemma-4-31B,nvidia/Gemma-4-31B-IT-NVFP4,"NVFP4 (NVIDIA, calibrated)",fp8,off,winogrande,"5-shot, n=500",acc,0.748,0.0194,vLLM 0.28.0,lm-eval 0.4.13,q-31b-nvfp4,chat-templated loglik (the IT checkpoints are out of distribution on raw text); wikitext skipped; eval 0.75/3072
2026-09-16,RTX PRO 6000 Blackwell SE 96 GB,gemma-4-12B,google/gemma-4-12B-it,bf16,auto,off,arc_challenge,"25-shot, n=500",acc_norm,0.648,0.0214,vLLM 0.28.0,lm-eval 0.4.13,q-12b-bf16,chat-templated loglik (the IT checkpoints are out of distribution on raw text); wikitext skipped; eval 0.75/3072
2026-09-16,RTX PRO 6000 Blackwell SE 96 GB,gemma-4-12B,google/gemma-4-12B-it,bf16,auto,off,gsm8k,"5-shot greedy chat template, n=500",exact_match,0.924,0.0119,vLLM 0.28.0,lm-eval 0.4.13,q-12b-bf16,chat-templated loglik (the IT checkpoints are out of distribution on raw text); wikitext skipped; eval 0.75/3072
2026-09-16,RTX PRO 6000 Blackwell SE 96 GB,gemma-4-12B,google/gemma-4-12B-it,bf16,auto,off,gsm8k_flexible,"5-shot greedy chat template, n=500, flexible answer extraction",exact_match,0.924,0.0119,vLLM 0.28.0,lm-eval 0.4.13,q-12b-bf16,chat-templated loglik (the IT checkpoints are out of distribution on raw text); wikitext skipped; eval 0.75/3072
2026-09-16,RTX PRO 6000 Blackwell SE 96 GB,gemma-4-12B,google/gemma-4-12B-it,bf16,auto,off,hellaswag,"10-shot, n=500",acc_norm,0.626,0.0217,vLLM 0.28.0,lm-eval 0.4.13,q-12b-bf16,chat-templated loglik (the IT checkpoints are out of distribution on raw text); wikitext skipped; eval 0.75/3072
2026-09-16,RTX PRO 6000 Blackwell SE 96 GB,gemma-4-12B,google/gemma-4-12B-it,bf16,auto,off,ifeval,"0-shot greedy chat template, n=541",prompt_level_strict_acc,0.8688,0.0145,vLLM 0.28.0,lm-eval 0.4.13,q-12b-bf16,chat-templated loglik (the IT checkpoints are out of distribution on raw text); wikitext skipped; eval 0.75/3072
2026-09-16,RTX PRO 6000 Blackwell SE 96 GB,gemma-4-12B,google/gemma-4-12B-it,bf16,auto,off,mmlu,"5-shot, 50 per subject",acc,0.8007,0.0071,vLLM 0.28.0,lm-eval 0.4.13,q-12b-bf16,chat-templated loglik (the IT checkpoints are out of distribution on raw text); wikitext skipped; eval 0.75/3072
2026-09-16,RTX PRO 6000 Blackwell SE 96 GB,gemma-4-12B,google/gemma-4-12B-it,bf16,auto,off,truthfulqa_mc2,"0-shot, n=500",acc,0.6158,0.0206,vLLM 0.28.0,lm-eval 0.4.13,q-12b-bf16,chat-templated loglik (the IT checkpoints are out of distribution on raw text); wikitext skipped; eval 0.75/3072
2026-09-16,RTX PRO 6000 Blackwell SE 96 GB,gemma-4-12B,google/gemma-4-12B-it,bf16,auto,off,winogrande,"5-shot, n=500",acc,0.722,0.0201,vLLM 0.28.0,lm-eval 0.4.13,q-12b-bf16,chat-templated loglik (the IT checkpoints are out of distribution on raw text); wikitext skipped; eval 0.75/3072
2026-09-16,RTX PRO 6000 Blackwell SE 96 GB,gemma-4-12B,RedHatAI/gemma-4-12B-it-FP8-Dynamic,"fp8 (Red Hat, dynamic)",fp8,off,arc_challenge,"25-shot, n=500",acc_norm,0.668,0.0211,vLLM 0.28.0,lm-eval 0.4.13,q-12b-fp8,chat-templated loglik (the IT checkpoints are out of distribution on raw text); wikitext skipped; eval 0.75/3072
2026-09-16,RTX PRO 6000 Blackwell SE 96 GB,gemma-4-12B,RedHatAI/gemma-4-12B-it-FP8-Dynamic,"fp8 (Red Hat, dynamic)",fp8,off,gsm8k,"5-shot greedy chat template, n=500",exact_match,0.91,0.0128,vLLM 0.28.0,lm-eval 0.4.13,q-12b-fp8,chat-templated loglik (the IT checkpoints are out of distribution on raw text); wikitext skipped; eval 0.75/3072
2026-09-16,RTX PRO 6000 Blackwell SE 96 GB,gemma-4-12B,RedHatAI/gemma-4-12B-it-FP8-Dynamic,"fp8 (Red Hat, dynamic)",fp8,off,gsm8k_flexible,"5-shot greedy chat template, n=500, flexible answer extraction",exact_match,0.91,0.0128,vLLM 0.28.0,lm-eval 0.4.13,q-12b-fp8,chat-templated loglik (the IT checkpoints are out of distribution on raw text); wikitext skipped; eval 0.75/3072
2026-09-16,RTX PRO 6000 Blackwell SE 96 GB,gemma-4-12B,RedHatAI/gemma-4-12B-it-FP8-Dynamic,"fp8 (Red Hat, dynamic)",fp8,off,hellaswag,"10-shot, n=500",acc_norm,0.63,0.0216,vLLM 0.28.0,lm-eval 0.4.13,q-12b-fp8,chat-templated loglik (the IT checkpoints are out of distribution on raw text); wikitext skipped; eval 0.75/3072
2026-09-16,RTX PRO 6000 Blackwell SE 96 GB,gemma-4-12B,RedHatAI/gemma-4-12B-it-FP8-Dynamic,"fp8 (Red Hat, dynamic)",fp8,off,ifeval,"0-shot greedy chat template, n=541",prompt_level_strict_acc,0.8799,0.014,vLLM 0.28.0,lm-eval 0.4.13,q-12b-fp8,chat-templated loglik (the IT checkpoints are out of distribution on raw text); wikitext skipped; eval 0.75/3072
2026-09-16,RTX PRO 6000 Blackwell SE 96 GB,gemma-4-12B,RedHatAI/gemma-4-12B-it-FP8-Dynamic,"fp8 (Red Hat, dynamic)",fp8,off,mmlu,"5-shot, 50 per subject",acc,0.7965,0.0072,vLLM 0.28.0,lm-eval 0.4.13,q-12b-fp8,chat-templated loglik (the IT checkpoints are out of distribution on raw text); wikitext skipped; eval 0.75/3072
2026-09-16,RTX PRO 6000 Blackwell SE 96 GB,gemma-4-12B,RedHatAI/gemma-4-12B-it-FP8-Dynamic,"fp8 (Red Hat, dynamic)",fp8,off,truthfulqa_mc2,"0-shot, n=500",acc,0.6055,0.0208,vLLM 0.28.0,lm-eval 0.4.13,q-12b-fp8,chat-templated loglik (the IT checkpoints are out of distribution on raw text); wikitext skipped; eval 0.75/3072
2026-09-16,RTX PRO 6000 Blackwell SE 96 GB,gemma-4-12B,RedHatAI/gemma-4-12B-it-FP8-Dynamic,"fp8 (Red Hat, dynamic)",fp8,off,winogrande,"5-shot, n=500",acc,0.71,0.0203,vLLM 0.28.0,lm-eval 0.4.13,q-12b-fp8,chat-templated loglik (the IT checkpoints are out of distribution on raw text); wikitext skipped; eval 0.75/3072
2026-09-16,RTX PRO 6000 Blackwell SE 96 GB,gemma-4-12B,google/gemma-4-12B-it-qat-w4a16-ct,W4A16 int4 (Google QAT),fp8,off,arc_challenge,"25-shot, n=500",acc_norm,0.632,0.0216,vLLM 0.28.0,lm-eval 0.4.13,q-12b-w4a16,chat-templated loglik (the IT checkpoints are out of distribution on raw text); wikitext skipped; eval 0.75/3072
2026-09-16,RTX PRO 6000 Blackwell SE 96 GB,gemma-4-12B,google/gemma-4-12B-it-qat-w4a16-ct,W4A16 int4 (Google QAT),fp8,off,gsm8k,"5-shot greedy chat template, n=500",exact_match,0.906,0.0131,vLLM 0.28.0,lm-eval 0.4.13,q-12b-w4a16,chat-templated loglik (the IT checkpoints are out of distribution on raw text); wikitext skipped; eval 0.75/3072
2026-09-16,RTX PRO 6000 Blackwell SE 96 GB,gemma-4-12B,google/gemma-4-12B-it-qat-w4a16-ct,W4A16 int4 (Google QAT),fp8,off,gsm8k_flexible,"5-shot greedy chat template, n=500, flexible answer extraction",exact_match,0.906,0.0131,vLLM 0.28.0,lm-eval 0.4.13,q-12b-w4a16,chat-templated loglik (the IT checkpoints are out of distribution on raw text); wikitext skipped; eval 0.75/3072
2026-09-16,RTX PRO 6000 Blackwell SE 96 GB,gemma-4-12B,google/gemma-4-12B-it-qat-w4a16-ct,W4A16 int4 (Google QAT),fp8,off,hellaswag,"10-shot, n=500",acc_norm,0.636,0.0215,vLLM 0.28.0,lm-eval 0.4.13,q-12b-w4a16,chat-templated loglik (the IT checkpoints are out of distribution on raw text); wikitext skipped; eval 0.75/3072
2026-09-16,RTX PRO 6000 Blackwell SE 96 GB,gemma-4-12B,google/gemma-4-12B-it-qat-w4a16-ct,W4A16 int4 (Google QAT),fp8,off,ifeval,"0-shot greedy chat template, n=541",prompt_level_strict_acc,0.8669,0.0146,vLLM 0.28.0,lm-eval 0.4.13,q-12b-w4a16,chat-templated loglik (the IT checkpoints are out of distribution on raw text); wikitext skipped; eval 0.75/3072
2026-09-16,RTX PRO 6000 Blackwell SE 96 GB,gemma-4-12B,google/gemma-4-12B-it-qat-w4a16-ct,W4A16 int4 (Google QAT),fp8,off,mmlu,"5-shot, 50 per subject",acc,0.7909,0.0073,vLLM 0.28.0,lm-eval 0.4.13,q-12b-w4a16,chat-templated loglik (the IT checkpoints are out of distribution on raw text); wikitext skipped; eval 0.75/3072
2026-09-16,RTX PRO 6000 Blackwell SE 96 GB,gemma-4-12B,google/gemma-4-12B-it-qat-w4a16-ct,W4A16 int4 (Google QAT),fp8,off,truthfulqa_mc2,"0-shot, n=500",acc,0.589,0.0206,vLLM 0.28.0,lm-eval 0.4.13,q-12b-w4a16,chat-templated loglik (the IT checkpoints are out of distribution on raw text); wikitext skipped; eval 0.75/3072
2026-09-16,RTX PRO 6000 Blackwell SE 96 GB,gemma-4-12B,google/gemma-4-12B-it-qat-w4a16-ct,W4A16 int4 (Google QAT),fp8,off,winogrande,"5-shot, n=500",acc,0.722,0.0201,vLLM 0.28.0,lm-eval 0.4.13,q-12b-w4a16,chat-templated loglik (the IT checkpoints are out of distribution on raw text); wikitext skipped; eval 0.75/3072
